word,meaning,native,sentence,ipa,notes
# ── Verbs ────────────────────────────────────────────────────────────────────
være,to be,,Jeg {{er}} læreren din i norskklassen.,ˈvæːrə,
ha,to have,,Han {{har}} en stor hund hjemme.,ˈhɑː,
gjøre,to do / to make,,Vi {{gjør}} lekser hver kveld etter skolen.,ˈçøːrə,
si,to say,,Hun {{sier}} alltid det hun tenker høyt.,ˈsiː,
gå,to go,,De {{går}} til butikken for å kjøpe mat.,ˈɡɑː,
komme,to come,,{{Kommer}} du til festen på lørdag kveld?,ˈkɔmːə,
se,to see,,Jeg {{ser}} fuglene som flyr over treet.,ˈseː,
høre,to hear,,Vi {{hører}} musikken fra naboen hver dag.,ˈhøːrə,
tenke,to think,,Han {{tenker}} på hva han skal gjøre i dag.,ˈtɛŋːkə,
vite,to know (fact),,Jeg {{vet}} ikke hvor hun bor nå.,ˈviːtə,
kjenne,to know (person),,Jeg {{kjenner}} ham fra barneskolen min.,ˈçɛnːə,
ville,to want / will,,De {{vil}} gjerne besøke Norge neste sommer.,ˈvɪlːə,
kunne,to be able to / can,,Du {{kan}} lese denne boken på norsk.,ˈkʉnːə,
skulle,to shall / should,,Vi {{skal}} møtes på kafeen klokken tre.,ˈskʉlːə,
måtte,to must / to have to,,Han {{må}} arbeide hver dag for å tjene penger.,ˈmɔtːə,
gi,to give,,Hun {{gir}} meg en bok for juleavslutningen.,ˈɡiː,
ta,to take,,Kan du {{ta}} denne pakken med deg hjem?,ˈtɑː,
finne,to find,,Jeg {{finner}} nøklene mine under sofaen.,ˈfɪnːə,
la,to let / to leave,,Mor {{lar}} oss spille ute en time.,ˈlɑː,
bli,to become / to stay,,Snøen {{blir}} hvit og vakker på vinteren.,ˈbliː,
holde,to hold / to keep,,Han {{holder}} ballen i hånden sin hele tiden.,ˈhɔlːə,
hete,to be called,,Gutten {{heter}} Olav og er fra Bergen.,ˈheːtə,
ligge,to lie / to be located,,Boken {{ligger}} på bordet ditt nå.,ˈlɪɡːə,
stå,to stand,,Læreren {{står}} foran tavlen og skriver oppgaver.,ˈstɑː,
vise,to show,,Han {{viser}} meg hvordan man løser ligningen.,ˈviːsə,
kalle,to call,,De {{kaller}} meg Alex fordi det er mitt navn.,ˈkɑlːə,
følge,to follow,,Jeg {{følger}} deg til butikken om du vil.,ˈfølːɡə,
spørre,to ask,,Han {{spør}} alltid hvor han skal gå.,ˈspœrːə,
hjelpe,to help,,Kan du {{hjelpe}} meg med matematikkleksene i dag?,ˈhjɛlːpə,
kjøpe,to buy,,Vi {{kjøper}} brød og melk på matbutikken.,ˈçøːpə,
arbeide,to work,,Faren min {{arbeider}} som ingeniør ved siden.,ˈɑrbeɪdə,
lese,to read,,Hun {{leser}} en spennende bok før hun sover.,ˈleːsə,
skrive,to write,,Jeg {{skriver}} et brev til min besteforelder.,ˈskriːvə,
lære,to learn,,Vi {{lærer}} nye norske ord hver dag i klassen.,ˈlæːrə,
bo,to live / to reside,,Min familie {{bor}} i en liten hus i byen.,ˈbuː,
spise,to eat,,Vi {{spiser}} frokost sammen klokken åtte om morgenen.,ˈspiːsə,
drikke,to drink,,Han {{drikker}} kaffe når han arbeider på kontoret.,ˈdrɪkːə,
sove,to sleep,,Kattene {{sover}} hele dagen på sofaen vår.,ˈsuːvə,
løpe,to run,,Barna {{løper}} rundt på lekeplassen hver dag.,ˈløːpə,
gå (til fots),to walk,,Jeg {{går}} til skolen hver morgen på foten.,ˈɡɑː,
spille,to play,,Vi {{spiller}} fotball etter skolen på fredagen.,ˈspɪlːə,
åpne,to open,,Kan du {{åpne}} vinduet fordi det er varmt?,ˈɔpːnə,
lukke,to close,,Hun {{lukker}} døren når hun forlater huset.,ˈlʉkːə,
trenge,to need,,Jeg {{trenger}} ny skko til fotballturnering neste måned.,ˈtreŋːə,
prøve,to try,,{{Prøv}} å løse oppgaven selv før du spør.,ˈprøːvə,
bruke,to use,,Vi {{bruker}} blyant og papir i norskklassen hver dag.,ˈbruːkə,
endre,to change,,Han {{endrer}} meningen sin når han får nye informasjoner.,ˈɛndːrə,
begynne,to begin,,Skolen {{begynner}} klokken åtte og tretti om morgenen.,bəˈɡʏnːə,
slutte,to end / to stop,,Arbeidsdagen {{slutter}} klokken fem på ettermiddagen her.,ˈslʉtːə,
vente,to wait,,Vi {{venter}} på bussen ved bussholdeplassen hver dag.,ˈvɛntːə,
bære,to carry / to wear,,Hun {{bærer}} en tung sekk på ryggen sin.,ˈbæːrə,
reise,to travel,,Vi {{reiser}} til Italia neste sommer for ferie.,ˈrɛɪsə,
besøke,to visit,,Jeg {{besøker}} bestemor min hver helg når jeg kan.,bəˈsøːkə,
svømme,to swim,,Barna {{svømmer}} i bassenget på varme sommerdager.,ˈsvɔmːə,
fly,to fly,,Fuglen {{flyr}} høyt over fjellene hver morgen.,flyː,
kjøre,to drive,,Han {{kjører}} bil til arbeid hver eneste dag.,ˈçøːrə,
lage mat,to cook,,Mor {{lager mat}} til hele familien på kvelden.,ˈlɑːɡə mɑːt,
rydde,to tidy / to clean,,Vi {{rydder}} stua før gjestene kommer til besøk.,ˈrʏdːə,
vaske,to wash,,Hun {{vasker}} klærne sine mandag ettermiddag hver uke.,ˈvɑskə,
betale,to pay,,Du må {{betale}} regningen før fristen går ut.,bəˈtɑːlə,
vinne,to win,,Laget vårt {{vant}} kampen med tre poeng onsdag.,ˈvɪnːə,
tape,to lose,,De {{tapte}} fotballkampen dessverre i siste minutt.,ˈtɑːpə,
forstå,to understand,,Jeg {{forstår}} ikke helt hva du mener her.,fɔɾˈstɔː,
forklare,to explain,,Læreren {{forklarer}} matematikken veldig tydelig for alle.,fɔɾˈklɑːrə,
svare,to answer,,Han {{svarte}} raskt på alle spørsmålene i testen.,ˈsvɑːrə,
motta,to receive,,Vi {{mottar}} brev fra besteforeldrene våre regelmessig.,ˈmɔtːɑ,
sende,to send,,Jeg {{sender}} en email til kollegaene mine nå.,ˈsɛndə,
glemme,to forget,,Jeg {{glemte}} nykkelen hjemme igjen dessverre.,ˈɡlɛmːə,
huske,to remember,,Kan du {{huske}} hva jeg sa i går kveld?,ˈhʉskə,
drømme,to dream,,Jeg {{drømmer}} om å reise rundt omkring verden.,ˈdrœmːə,
tro,to believe,,Jeg {{tror}} at alt vil bli bra til slutt.,truː,
stole på,to trust,,Du kan {{stole på}} meg med alle dine hemmeligheter.,ˈstuːlə pɔː,
elske,to love,,Hun {{elsker}} sin familie mer enn noe annet.,ˈɛlskə,
hate,to hate,,Han {{hater}} å stå opp tidlig på morgenen.,ˈhɑːtə,
smile,to smile,,Hun {{smilte}} vennlig til alle på festen igjen.,ˈsmɪːlə,
le,to laugh,,Barna {{ler}} høyt når de ser fuglene ute.,leː,
gråte,to cry,,Babyen {{gråter}} når hun er sulten eller trøtt.,ˈɡrɔːtə,
rope,to shout,,Han {{roper}} laut etter ungene på lekeplassen.,ˈruːpə,
synge,to sing,,Vi {{synger}} sammen rundt bålet hver kveld på turen.,ˈsʏŋːə,
danse,to dance,,De {{danser}} til musikken på diskotek fredag natt.,ˈdɑnsə,
bygge,to build,,Vi {{bygger}} et lite hus på hytta vår neste år.,ˈbʏɡːə,
bryte,to break,,Varen {{brøt}} dessverre under transporten hit.,ˈbrʏːtə,
røre,to touch,,Du må ikke {{røre}} det varme kokekarret nå.,ˈrøːrə,
føle,to feel,,Jeg {{føler}} meg veldig sliten etter arbeidsdagen.,ˈføːlə,
bestemme,to decide,,Vi {{bestemte}} oss for å dra på tur sammen.,bəˈstɛmːə,
velge,to choose,,Du kan {{velge}} mellom fisk eller kjøtt til middag.,ˈvɛlɡə,
tillate,to allow,,Foreldrene {{tillater}} ikke at han spiller hele dagen.,tɪˈlɑːtə,
nekte,to refuse,,Han {{nektet}} å spise grønnsakene sine til middag.,ˈnɛktə,
akseptere,to accept,,Jeg {{aksepterer}} invitasjonen din til festen neste uke.,ɑksɛpˈteːrə,
tilby,to offer,,Butikken {{tilbyr}} stor rabatt på alle varene nå.,tɪlˈbyː,
produsere,to produce,,Fabrikken {{produserer}} tusenvis av produkter hver dag.,pɾɔdʉˈseːrə,
utvikle,to develop,,Selskapet {{utvikler}} nye og innovative løsninger for marked.,ʉtˈvɪklə,
forbedre,to improve,,Vi arbeider for å {{forbedre}} kvaliteten på tjenestene.,fɔɾˈbɛdːrə,
løse,to solve,,Han {{løste}} matteoppgaven veldig raskt uten problemer.,ˈløːsə,
unngå,to avoid,,Du bør {{unngå}} å kjøre når du er sliten.,ʉnˈɡɔː,
nå,to reach,,Vi {{nådde}} toppen av fjellene etter langsom stigning.,nɔː,
øke,to increase,,Prisene {{øker}} kraftig på matvarene i dagligvarebutikken.,ˈøːkə,
redusere,to reduce,,Vi må {{redusere}} energiforbruket hjemme for klima.,ɾɛdʉˈseːrə,
presentere,to present / to introduce,,Han {{presenterer}} sitt nye prosjekt for ledelsen i dag.,pɾɛsɛnˈteːrə,
representere,to represent,,Hun {{representerer}} sitt land i den internasjonale konferansen.,ɾɛpɾɛsɛnˈteːrə,
tilhøre,to belong,,Denne boka {{tilhører}} biblioteket i byen.,tɪlˈhøːrə,
eksistere,to exist,,Det {{eksisterer}} mange teorier om universet.,ɛkˈsɪstəːrə,
oppstå,to arise / to emerge,,Problemet {{oppstod}} da systemet krasjet i går.,ˈɔpːstɔː,
# ── Nouns ────────────────────────────────────────────────────────────────────
tid,time,,Vi har ikke mye {{tid}} til å snakke nå.,ˈtɪː,
år,year,,Hun har bodd i Norge i tolv {{år}}.,ˈɔːr,
liv,life,,Han lever et godt og lykkeligt {{liv}} her.,ˈliːv,
mann,man,,Den {{mannen}} arbeider som ingeniør på bedriften.,ˈmɑnː,
kvinne,woman,,{{Kvinnen}} fra Sverige er veldig dyktig på sitt arbeid.,ˈkvɪnːə,
dag,day,,Hver {{dag}} går jeg en lang tur i parken.,ˈdɑːɡ,
ting,thing,,Det finnes mange rare {{ting}} i dette huset.,ˈtɪŋ,
del,part,,Hånden er en viktig {{del}} av kroppen vår.,ˈdeːl,
sted,place,,Parken er et vakkert {{sted}} å besøke på sommeren.,ˈsteː,
øyeblikk,moment,,I det {{øyeblikket}} forsto jeg hele historien hans.,ˈøːəblɪkː,
måte,way / manner,,Han gjør arbeidet på en svært effektiv {{måte}} alltid.,ˈmɔːtə,
person,person,,{{Personen}} som ringer er en god venn av meg.,pəˈʃuːn,
hånd,hand,,Hun løftet {{hånden}} for å si hallo til meg.,ˈhɔnː,
verden,world,,Verden er et stort og komplisert {{sted}} å leve.,ˈvæɾːən,
gang,time (occurrence),,Jeg har vært i Oslo flere {{ganger}} før nå.,ˈɡɑŋː,
tilfelle,case,,I dette {{tilfellet}} må vi kontakte politiet omgående.,ˈtɪlːfɛlːə,
arbeid,work / job,,Hans {{arbeid}} er veldig viktig for bedriften hans.,ˈɑɾbæɪ,
problem,problem,,Det største {{problemet}} er mangel på penger og ressurser.,pʁɔˈbleːm,
land,country,,Norge er et vakkert {{land}} med høye fjell og fjorder.,ˈlɑnː,
by,city,,[[Byen]] Oslo har cirka en million innbyggere i dag.,ˈbyː,
hus,house / home,,Vårt {{hus}} ligger på en stille gate med trær.,ˈhʉːs,
vann,water,,Vi drikker friskt og kaldt {{vann}} hver dag her.,ˈvɑnː,
gruppe,group,,{{Gruppen}} av studenter besøkte museet i går ettermiddag.,ˈɡɾʉpːə,
bedrift,company,,{{Bedriften}} han jobber på lager elektronikk og komponenter.,ˈbeːdrɪft,
navn,name,,Hennes {{navn}} er Maria og hun kommer fra Sverige.,ˈnɑvn,
tall,number,,{{Tallet}} på mennesker vokser hver dag i verden.,ˈtɑlː,
form,form / shape,,Sirkelen har en perfekt rund {{form}} uten kanter.,ˈfɔɾm,
system,system,,Det nye {{systemet}} skal forbedre effektiviteten på jobben.,ˈsʏsteːm,
eksempel,example,,{{Eksemplet}} som læreren ga var veldig tydelig og god.,ɛkˈsɛmpəl,
punkt,point,,Et viktig {{punkt}} i møtet var budsjettdiskusjonen fra regjering.,ˈpʊŋkt,
regjering,government,,{{Regjeringen}} vedtok nye lover for hele landet i dag.,reɡˈjeːrɪŋ,
informasjon,information,,Vi trenger mer {{informasjon}} før vi kan ta en beslutning.,ɪnfɔɾmaˈʃuːn,
historie,history / story,,Hans {{historie}} om eventyr var interessant og underholdende hele kvelden.,hɪsˈtuːriə,
familie,family,,Min {{familie}} bor i en liten by på Østlandet.,faˈmiːliə,
samfunn,society,,{{Samfunnet}} vår må jobbe sammen for å løse problemer.,ˈsɑmfʉnː,
nivå,level,,Eksamen har et høyt {{nivå}} av vanskelighet for studentene.,ˈniːvɔː,
type,type,,Denne {{typen}} kaffebønner kommer fra Brasil i Sør-Amerika.,ˈtʏːpə,
forhold,relationship,,Forholdet mellom arbeid og familie er meget viktig for ham.,ˈfɔɾhɔl,
prosess,process,,{{Prosessen}} tar omtrent tre måneder fra start til slutt.,pʁɔˈsɛs,
tjeneste,service,,Vi tilbyr en god {{tjeneste}} til alle våre kunder her.,ˈtjəːnəstə,
politikk,politics / policy,,{{Politikken}} må fokusere på miljøet og klimaendringer fremover.,pɔliˈtɪkː,
endring,change,,En stor {{endring}} skjedde da systemet ble oppgradert igjen.,ˈɛndɾɪŋ,
resultat,result,,{{Resultatet}} av testen var bedre enn forventet denne gangen.,ɾesʉlˈtɑːt,
penger,money,,Han tjener god {{penger}} på jobben sin som ingeniør her.,ˈpɛŋːɡəɾ,
time,hour,,Møtet varer i to {{timer}} og starter klokken åtte.,ˈtɪːmə,
måned,month,,Juni er en vakker {{måned}} med mye sollys og varme.,ˈmɔːnəð,
uke,week,,Neste {{uke}} skal jeg besøke min fetter i Stockholm Sverige.,ˈʉːkə,
natt,night,,Jeg sover godt om {{natten}} når det er stille.,nɑtː,
morgen,morning,,Jeg drikker kaffe hver {{morgen}} før arbeid.,ˈmɔʁɡən,
ettermiddag,afternoon,,Vi møtes på kaffe om {{ettermiddagen}} klokka tre.,ˈɛtːərˌmɪdɑɡ,
kveld,evening,,Vi ser på film sammen hver {{kveld}} hjemme.,ˈkʰvɛlː,
minutt,minute,,"Vennten bare et {{minutt}}, jeg kommer snart.",mɪˈnʉtː,
sekund,second,,Hun varte bare et {{sekund}} før hun løp.,səˈkʰʉnː,
århundre,century,,Det var stort {{århundre}} siden gamle romerne levde.,ˈɑ̊ɾhʉnːrə,
fremtid,future,,Jeg er optimistisk om min {{fremtid}} og drømmer.,ˈfrɛmˌtiːd,
fortid,past,,Vi bør lære fra vår {{fortid}} for å forbedre.,ˈfɔʁˌtiːd,
nåtid,present,,I {{nåtiden}} må vi fokusere på miljøet.,ˈnɔːˌtiːd,
begynnelse,beginning,,Ved {{begynnelsen}} av kurset var jeg veldig nervøs.,bəˈɡʏnːəlsə,
slutt,end,,Ved {{slutten}} av året feirer vi sammen alle.,slʉtː,
sentrum,centre,,Jeg jobber i {{sentrum}} av Oslo hver dag.,ˈsɛntʁʉm,
nord,north,,Nordlyset er vakrest i {{nord}} av Norge.,nɔʁ,
sør,south,,Det er varmere i {{sør}} av landet.,sœʁ,
øst,east,,Solen går opp i {{øst}} hver morgen.,œst,
vest,west,,Solen går ned i {{vest}} hver kveld.,vɛst,
gate,street,,Vi bor på en rolig {{gate}} med mange trær.,ˈɡɑːtə,
vei,road / path,,Kryss {{veien}} forsiktig når du går rundt.,væɪ̯,
dør,door,,Hun åpnet {{døren}} og så katten hans sitte.,dœʁ,
vindu,window,,Jeg åpner {{vinduet}} for å få frisk luft.,ˈvɪnːdʉ,
gulv,floor,,{{Gulvet}} i stuen er laget av tre og glans.,ɡʉlː,
tak,ceiling / roof,,{{Taket}} på huset var rødt og gammelt.,tɑːk,
vegg,wall,,Vi maler {{veggen}} i stuen hvit og fin.,vɛɡː,
rom,room,,Det største {{rommet}} i huset er stuen vår.,rʊm,
kjøkken,kitchen,,Hun lager mat i {{kjøkkenet}} hver dag.,ˈçœkːən,
bad,bathroom,,Jeg dusjer i {{badet}} om morgenen før arbeid.,bɑːd,
hage,garden,,Vi dyrker grønnsaker i {{hagen}} om sommeren.,ˈhɑːɡə,
bygning,building,,Den gamle {{bygningen}} ble oppført for hundre år siden.,ˈbʏɡnɪŋ,
leilighet,apartment,,Vi leier en fin {{leilighet}} nær sentrum av byen.,ˈlæɪ̯lɪɡˌheːt,
hotell,hotel,,Vi bodde på et luksus {{hotell}} under ferien.,hʊˈtɛlː,
sykehus,hospital,,Min far jobber på {{sykehuset}} som lege.,ˈsʏːkəhʉːs,
skole,school,,Mitt barn går på en god {{skole}} nær huset.,ˈskʰuːlə,
universitet,university,,Hun studerer medisin på {{universitetet}} i Oslo.,ˌʉnɪvɛʁsɪˈteːt,
bibliotek,library,,Jeg låner bøker på {{biblioteket}} hver uke.,ˌbɪbljʊˈteːk,
butikk,shop,,Vi handler mat på {{butikken}} nær hjemmet.,bʉˈtɪkː,
marked,market,,Det er fint {{marked}} med frukt på lørdag.,ˈmɑʁːɛd,
bank,bank,,Jeg må besøke {{banken}} for å ta ut penger.,ˈbɑŋk,
kirke,church,,Vi giftet oss i en vakker {{kirke}} for år siden.,ˈçɪʁːkə,
park,park,,Vi går tur i {{parken}} på fine dager.,pɑʁk,
strand,beach,,{{Stranden}} er vakker med hvit sand og bølger.,strɑnː,
fjell,mountain,,Vi klatret opp på det høye {{fjellet}} sist sommer.,ˈfjɛlː,
elv,river,,{{Elven}} renner gjennom dalen veldig raskt og kraftig.,ˈɛlː,
innsjø,lake,,Vi svømte i den kalde {{innsjøen}} i juni måned.,ˈɪnːʃøː,
hav,sea / ocean,,{{Havet}} er dypt og fullt av interessant liv.,hɑːʋ,
skog,forest,,Vi gikk tur i {{skogen}} og så mange dyr.,skʊɡ,
bygd,countryside,,Han vokste opp i en liten {{bygd}} på landet.,ˈbʏɡd,
himmel,sky,,{{Himmelen}} var blå og klar hele dagen i dag.,ˈhɪmːəl,
sol,sun,,{{Solen}} skinner varmt og gir oss vitamin D.,sʊlː,
måne,moon,,{{Månen}} var stor og gul kvelden før jul.,ˈmɔːnə,
stjerne,star,,Om natten kan jeg se mange {{stjerner}} på himlen.,ˈʃtjæɾnə,
sky,cloud,,En stor {{sky}} dekket solen i dag.,ˈskʏː,
regn,rain,,Det faller {{regn}} og jeg må ta paraply.,ˈɾɛɡn,
snø,snow,,{{Snøen}} ligger hvit og fin på bakken.,ˈsnøː,
vind,wind,,{{Vinden}} blåser veldig sterkt i dag.,ˈvɪn,
ild,fire,,Vi tent {{ild}} i peisen for varme.,ˈɪl,
jord,earth / ground,,{{Jorden}} er rund og vakker planet.,ˈjuːɾ,
stein,stone,,Han kastet en {{stein}} ut i vannet.,ˈstɛɪn,
tre,tree,,Det store {{treet}} gir skygge om sommeren.,ˈtɾeː,
blomst,flower,,{{Blomsten}} er rød og veldig vakker.,ˈblɔmst,
plante,plant,,Jeg vanner {{planten}} min hver dag.,ˈplɑntə,
gress,grass,,{{Gresset}} er grønt og fint på våren.,ˈɡɾɛsː,
dyr,animal,,Mange {{dyr}} lever i skogen nær meg.,ˈdʏɾ,
hund,dog,,Min {{hund}} elsker å løpe i parken.,ˈhʊn,
katt,cat,,{{Katten}} sover på sofaen hele dagen.,ˈkɑtː,
fugl,bird,,En blå {{fugl}} sang på greinen.,ˈfʊɡl,
fisk,fish,,{{Fisken}} svømmer raskt i akvariet mitt.,ˈfɪsk,
hest,horse,,{{Hesten}} er stor og veldig sterk.,ˈhɛst,
ku,cow,,{{Kuen}} gir melk som vi drikker.,ˈkʊː,
kropp,body,,Min {{kropp}} trenger trening og mosjon.,ˈkɾɔpː,
hode,head,,Jeg har vondt i {{hodet}} i dag.,ˈhuːdə,
ansikt,face,,{{Ansiktet}} mitt er rødt etter solen.,ˈɑnːsɪkt,
øye,eye,,Jeg har blått {{øye}} fra fotballen.,ˈøːjə,
nese,nose,,{{Nesen}} min er kald om vinteren.,ˈneːsə,
munn,mouth,,Åpne {{munnen}} og si åhhh til legen.,ˈmʊnː,
øre,ear,,Jeg hørte det med {{øret}} mitt.,ˈøːɾə,
tann,tooth,,Jeg børster {{tannene}} mine morgen og kveld.,ˈtɑnː,
tunge,tongue,,{{Tungen}} min er rød og varm.,ˈtʊŋːə,
hals,neck / throat,,Jeg har vondt i {{halsen}} og hosten.,ˈhɑls,
skulder,shoulder,,{{Skulderen}} min gjorde veldig vondt etter treningen.,ˈskʊldəɾ,
arm,arm,,Jeg løftet {{armen}} over hodet mitt.,ˈɑɾm,
albue,elbow,,Jeg slo {{albuen}} på bordet nå.,ˈɑlbʉːə,
håndledd,wrist,,Klokken min sitter på {{håndleddet}} mitt.,ˈhoːnlɛdː,
finger,finger,,Jeg har ti {{fingre}} på hendene mine.,ˈfɪŋɡəɾ,
ben,leg,,{{Benet}} mitt er sliten etter løping.,ˈbeːn,
kne,knee,,{{Kneet}} mitt gjør vondt når jeg hopper.,ˈkneː,
fot,foot,,Jeg har smerte i {{foten}} min.,ˈfuːt,
hjerte,heart,,{{Hjertet}} mitt slår fort når jeg løper.,ˈʃæɾtə,
lunge,lung,,{{Lungene}} mine trenger frisk luft hver dag.,ˈlʊŋːə,
mage,stomach,,{{Magen}} min er full etter maten.,ˈmɑːɡə,
hjerne,brain,,{{Hjernen}} min må fokusere nå.,ˈʃæɾnə,
blod,blood,,{{Blodet}} mitt flyter gjennom kroppen min.,ˈbluːd,
bein,bone,,{{Beinene}} mine er sterke og fine.,ˈbæɪn,
muskel,muscle,,Jeg bygger {{muskel}} ved å trene hver dag.,ˈmʊskəl,
hud,skin,,{{Huden}} min er sensitiv for solen.,ˈhʉːd,
hår,hair,,{{Håret}} mitt er langt og brunt.,ˈhoːɾ,
klær,clothes,,Mine {{klær}} henger i skapet hjemme.,ˈklæːɾ,
skjorte,shirt,,Jeg har på en blå {{skjorte}} i dag.,ˈʃuɾtə,
bukse,trousers,,{{Buksene}} mine er nye og fine.,ˈbʊksə,
skjørt,skirt,,Hun har på et rødt {{skjørt}} til festen.,ˈʃøɾt,
kjole,dress,,Hun {{kjolen}} var blå og veldig fin.,ˈçʊːlə,
jakke,jacket,,Jeg trenger en ny {{jakke}} til vinteren.,ˈjɑkːə,
frakk,coat,,Han tok på seg {{frakken}} før han gikk ut.,ˈfrɑkː,
sko,shoe,,Hvor er {{skoene}} mine som jeg kjøpte i dag?,ˈskʉː,
sokk,sock,,Jeg fant en {{sokk}} under senga i går.,ˈsɔkː,
hatt,hat,,{{Hatten}} din ligger på stolen i stuen.,ˈhɑtː,
skjerf,scarf,,Kan du hente {{skjerfet}} mitt fra garderober?,ˈʂæɾf,
hanske,glove,,Jeg mistet en {{hanske}} på vei til jobben.,ˈhɑnskə,
brød,bread,,Vi kjøpte fersk {{brød}} fra bakeren denne morgenen.,ˈbrøː,
ris,rice,,{{Risen}} koker i ti minutter til den er klar.,ˈriːs,
pasta,pasta,,Hun lager italiensk {{pasta}} hver fredag kveld.,ˈpɑstɑ,
kjøtt,meat,,{{Kjøttet}} må tilberedes langsomt over lav varme.,ˈçœtː,
kylling,chicken,,Vi grillet {{kyllingen}} med sitronsmør og urter.,ˈçʏlːɪŋ,
egg,egg,,Jeg spiste tre {{egg}} til frokost denne morgenen.,ˈɛɡː,
melk,milk,,Kan du kjøpe en flaske {{melk}} på butikken?,ˈmɛlk,
ost,cheese,,{{Osten}} var норвегian og veldig god i dag.,ˈʊst,
smør,butter,,Hun spredte {{smøret}} på brødet med en kniv.,ˈsmøːɾ,
olje,oil,,Vi bruker {{oljen}} til å steike kjøttet.,ˈʊljə,
salt,salt,,Husk å tilsette {{salt}} i kokevannet for pasta.,ˈsɑlt,
sukker,sugar,,Hun rørte {{sukkeret}} inn i kaffen sin.,ˈsʉkːəɾ,
kaffe,coffee,,Jeg drikker to kopper {{kaffe}} hver morgen alltid.,ˈkɑfːə,
te,tea,,{{Teen}} var varm og smakte godt.,ˈteː,
vin,wine,,De åpnet en flaske {{vin}} til middagen.,ˈviːn,
øl,beer,,Han bestilte et glass {{øl}} på restauranten.,ˈøːl,
juice,juice,,Barna drikker fersk {{juice}} til frokost hver dag.,ˈjʉːs,
frukt,fruit,,Vi kjøpte mye {{frukt}} på markedet i dag.,ˈfrʉkt,
eple,apple,,{{Eplet}} var rødt og søtt og saftig.,ˈɛpːlə,
appelsin,orange,,Jeg presset {{appelsinen}} for å lage frisk juice.,ˈɑpːəlˌsiːn,
drue,grape,,{{Druene}} var kjølige og perfekte som snacks.,ˈdɾʉːə,
banan,banana,,Han åpnet {{bananen}} og spiste den raskt.,bɑˈnɑːn,
jordbær,strawberry,,{{Jordbærene}} var røde og modne og deilige.,ˈjʊɾbæːɾ,
sitron,lemon,,Jeg klemte {{sitronen}} over fisken før servering.,ˈsiːtɾʊn,
tomat,tomato,,{{Tomaten}} er rød og søt og sukkerfull.,tʊˈmɑːt,
salat,salad / lettuce,,Vi spiser grønn {{salat}} hver dag for helsa.,sɑˈlɑːt,
gulrot,carrot,,{{Gulroten}} er orange og inneholder mye vitamin.,ˈɡʉlɾʊt,
løk,onion,,Hun hakket {{løken}} til et deilig og godt.,ˈløːk,
hvitløk,garlic,,{{Hvitløken}} gir sterk smak til alle rettene.,ˈvʰiːtˌløːk,
potet,potato,,Vi kokte {{poteten}} i saltet vann til den var klar.,pʊˈteːt,
bok,book,,Jeg leser en interessant {{bok}} på sengen.,ˈbʊk,
side,page,,Denne {{siden}} handler om vakre bergene i Norge.,ˈsiːdə,
brev,letter,,Hun skrev et langt {{brev}} til venninnen sin.,ˈbrɛv,
avis,newspaper,,Han leser {{avisen}} med kaffe hver morgen.,ˈɑːvis,
blad,magazine,,{{Bladet}} mitt handler om reiser og eventyr.,ˈblɑː,
nyhet,news,,Vi hørte en viktig {{nyhet}} på nyhetsradioene.,ˈnʏːhɛt,
spørsmål,question,,Han stilte et godt {{spørsmål}} til læreren.,ˈspœɾsmɑːl,
svar,answer,,Hun gav et riktig {{svar}} på matematikkprøven.,ˈsvɑːɾ,
idé,idea,,Det var en brillant {{idé}} som løste problemet.,iˈdeː,
mening,opinion,,Min {{mening}} er at det er en god film.,ˈmeːnɪŋ,
ord,word,,Han skrev ned hvert {{ord}} fra foredraget.,ˈʊɾ,
setning,sentence,,{{Setningen}} var lang og veldig komplisert å forstå.,ˈsɛtːnɪŋ,
språk,language,,Hun {{språk}}er flere språk flytende og lærer stadig nye.,ˈsprɔːk,
kultur,culture,,Norsk {{kultur}} er veldig viktig for oss og våre barn.,ˈkʉltʉr,
kunst,art,,Hun elsker {{kunst}} og besøker museer hver uke.,ˈkʉnst,
musikk,music,,{{Musikk}} gjør meg glad og fredelig på lange dager.,ˈmʉˌsɪkː,
sang,song,,Hennes favoritt {{sang}} har hun hørt tusen ganger.,ˈsɑŋ,
film,film / movie,,Vi så en spennende {{film}} på kino forrige lørdag.,ˈfɪlm,
teater,theatre,,{{Teateret}} i byen viser mange ulike produksjoner hele året.,ˈtɛɑtər,
sport,sport,,Min datter trives godt med {{sport}} og trener tre ganger daglig.,ˈspɔrt,
fotball,football / soccer,,Alle ungdommene spiller {{fotball}} på vår lokale idrettsplass.,ˈfʊtˌbɑlː,
tennis,tennis,,Han spiller {{tennis}} hver tirsdag kveld med vennene sine.,ˈtɛnɪs,
svømming,swimming,,{{Svømming}} er det beste treningen for hele kroppen din.,ˈsvœmɪŋ,
løp,race,,Jeg deltok i et {{løp}} i parken i dag tidlig.,ˈløːp,
lag,team,,Vårt {{lag}} vant kampen med tre mål til en.,ˈlɑːɡ,
spill,game,,Vi spilte et morsomt {{spill}} til langt utpå kvelden.,ˈspɪlː,
seier,victory,,{{Seieren}} var velfortjent etter all hard innsats og treninger.,ˈsɛɪər,
tap,defeat,,"Det var trist med {{tapet}}, men vi lærte mye.",ˈtɑp,
premie,prize,,Han vant en stor {{premie}} for sitt fantastiske kunstnerverk.,ˈpremiə,
ferie,holiday,,Vi drar til Spania for {{ferie}} neste sommer sammen.,ˈferiə,
transport,transport,,Offentlig {{transport}} er billig og praktisk i storbyene.,ˈtrɑnsˌpɔrt,
bil,car,,Min nye {{bil}} er rød og veldig kjapp.,ˈbiːl,
buss,bus,,Jeg tar {{bussen}} til jobben hver dag klokken seks.,ˈbʉsː,
tog,train,,{{Toget}} til Bergen tok fire timer fra Oslo i dag.,ˈtuːɡ,
båt,boat / ship,,Vi leiet en {{båt}} og fiskot hele dagen ved fjorden.,ˈbɔːt,
sykkel,bicycle,,Han kjører {{sykkel}} til skolen hver dag hele året.,ˈsʏkːəl,
motorsykkel,motorcycle,,Faren hans har en stor {{motorsykkel}} han elsker.,ˈmuːtɔrˌsʏkːəl,
billett,ticket,,Jeg kjøpte en {{billett}} til konserten på nettet.,bɪˈlɛtː,
pass,passport,,Du trenger {{passet}} ditt for å reise til utlandet.,ˈpɑsː,
koffert,suitcase,,Hun pakket {{kofferten}} full av klær og bøker.,ˈkɔfːərt,
kart,map,,Vi brukte {{kartet}} for å finne veien til hytten.,ˈkɑrt,
teknologi,technology,,Moderne {{teknologi}} gjør livet vårt enklere hver dag.,ˈtɛknoloˌɡiː,
datamaskin,computer,,Min nye {{datamaskin}} er veldig rask og kraftig.,ˈdɑːtɑmɑˌʃiːn,
telefon,phone,,Jeg mister {{telefonen}} min minst en gang per dag.,ˈtɛləˌfoːn,
internett,internet,,{{Internett}} er nødvendig for alt arbeidet mitt nå.,ɪntərˈnɛtː,
skjerm,screen,,{{Skjermen}} på datamaskinen min er veldig stor.,ˈʃæːrm,
tastatur,keyboard,,Jeg skrev raskt på {{tastaturet}} mitt hele formiddagen.,tɑstɑˈtʉːr,
kamera,camera,,Hun tok vakre bilder med sitt professionelle {{kamera}}.,ˈkɑmərɑ,
fjernsyn,television,,Vi så nyheter på {{fjernsynet}} før middag i dag.,ˈfjærnˌsʏn,
radio,radio,,Jeg hører {{radioen}} mens jeg kjører bilen til jobben.,ˈrɑːdiɔ,
lys,light,,{{Lyset}} i stuen var for sterkt for mine øyne.,ˈlʏs,
lyd,sound,,{{Lyden}} fra musikken var veldig høy på konserten.,ˈlʏd,
farge,colour,,Hennes favoritt {{farge}} er rosa og hun elsker det.,ˈfɑrɡə,
rød,red,,Han har en {{rød}} bil som er veldig fin.,ˈrøːd,
blå,blue,,Himlen er {{blå}} og det er vakkert vær i dag.,ˈblɔː,
grønn,green,,Trærne er {{grønn}} nå fordi det er våren.,ˈɡrœnː,
gul,yellow,,Solen er {{gul}} og varmer hele landsdelen vår.,ˈɡʉːl,
svart,black,,Han hadde en {{svart}} frakk på seg hele vinteren.,ˈsvɑrt,
hvit,white,,Snøen er {{hvit}} og dekker hele fjellene nå.,ˈvɪt,
grå,grey,,Været var {{grått}} og regnet falt hele dagen.,ˈɡrɔː,
smerte,pain,,Han hadde {{smerte}} i kneet etter fotballkampen sin.,ˈsmærtə,
sykdom,illness,,Hun hadde {{sykdommen}} i to uker før hun frisknet.,ˈsʏkˌduːm,
medisin,medicine,,{{Medisin}} fra apoteket hjalp meg med hosten min.,ˌmediˈsiːn,
lege,doctor,,{{Legen}} undersøkte meg grundig på legekontoret.,ˈleːɡə,
sykepleier,nurse,,{{Sykepleieren}} var veldig snill og omsorgsful.,ˈsyːkəˌpləɪ̯ər,
helse,health,,God {{helse}} er viktigere enn penger.,ˈhɛlsə,
sinn,mind,,Hun har et skarpt {{sinn}} og løser problemer fort.,ˈsɪnː,
følelse,feeling / emotion,,Han skjulte sine {{følelser}} for resten av verden.,ˈfølːəsə,
frykt,fear,,{{Frykt}} for flyvning er vanlig hos mange mennesker.,ˈfʀʏkt,
glede,joy,,Barna sprang av {{glede}} når de så snøen.,ˈɡleːdə,
sorg,sadness,,{{Sorgen}} over tapet var veldig stor og dypt.,ˈsɔʀɡ,
kjærlighet,love,,{{Kjærlighet}} mellom foreldre og barn er særlig sterk.,ˈçæʀlɪɡˌheːt,
hat,hate,,{{Hat}} fører aldri til noe godt eller konstruktivt.,ˈhɑːt,
håp,hope,,{{Håp}} om bedre tider holder mange mennesker oppmuntret.,ˈhoːp,
sannhet,truth,,{{Sannheten}} kommer alltid frem før eller siden.,ˈsɑnˌheːt,
løgn,lie,,Hans {{løgn}} ble oppdaget av alle på festen.,ˈløɡn,
rettferdighet,justice,,Vi må kjempe for {{rettferdighet}} og likhet.,ˈrɛtˌfæɾdɪɡˌheːt,
lov,law,,Alle må følge {{loven}} som er satt av staten.,ˈloːv,
politi,police,,{{Politiet}} arresterte mannen som hadde stjålet bilen.,ˌpoliˈtiː,
krig,war,,{{Krigen}} varte i mange år og gjorde stor skade.,ˈkʀiːɡ,
fred,peace,,Vi håper på {{fred}} og samarbeid mellom alle nasjoner.,ˈfʀeːd,
ulykke,accident,,{{Ulykken}} skjedde på veien klokken halv åtte.,ˈʉˌlʏkːə,
fare,danger,,Det er stor {{fare}} i trafikken når det regner.,ˈfɑːʀə,
sikkerhet,safety / security,,{{Sikkerhet}} er prioritet nummer en på arbeidsplassen.,ˈsɪkːərˌheːt,
suksess,success,,Hans {{suksess}} som forretningsmann var inspirerende for mange.,sʊkˈsɛs,
fiasko,failure,,Prosjektet endte i {{fiasko}} på grunn av dårlig planlegging.,fiˈɑsˌko,
vanskelighet,difficulty,,Hun møtte {{vanskeligheter}} men ga seg ikke opp.,ˈvɑnskəlɪɡˌheːt,
løsning,solution,,Vi fant en god {{løsning}} på problemet snart.,ˈløsnɪŋ,
mulighet,opportunity,,Det gir stor {{mulighet}} for å realisere drømmene.,ˈmʉːlɪɡˌheːt,
rett,right,,Alle mennesker har {{retten}} til utdanning og arbeid.,ˈrɛtː,
ansvar,responsibility,,Det er ditt {{ansvar}} å passe på lillebror.,ˈɑnˌsvɑːʀ,
frihet,freedom,,{{Friheten}} til å velge er veldig viktig for alle.,ˈfʀiːˌheːt,
likhet,equality,,Vi tror på {{likhet}} mellom alle mennesker uavhengig bakgrunn.,ˈlɪkˌheːt,
nasjon,nation,,Norge er en flott {{nasjon}} med sterke verdier.,nɑˈʃuːn,
region,region,,Denne {{regionen}} er kjent for sine naturlige ressurser.,reˈɡiuːn,
hovedstad,capital city,,Oslo er {{hovedstaden}} til Norge og viktigst by.,ˈhʉːvədˌstɑd,
befolkning,population,,{{Befolkningen}} i byen øker hvert år veldig mye.,bəˈfɔlknɪŋ,
økonomi,economy,,{{Økonomien}} til landet forbedres når handelene vokser.,ˌøkonoˈmiː,
handel,trade,,{{Handelen}} mellom land er viktig for verden.,ˈhɑndəl,
industri,industry,,{{Industrien}} i området produserer stål og metaller.,ˌɪnduˈstriː,
landbruk,agriculture,,{{Landbruket}} er viktig for å produsere mat.,ˈlɑndˌbrʉːk,
miljø,environment,,Vi må beskytte {{miljøet}} for kommende generasjoner.,ˈmɪljøː,
natur,nature,,{{Naturen}} i Norge er fantastisk og veldig vakker.,nɑˈtʉːʀ,
energi,energy,,Vi trenger fornybar {{energi}} for en bærekraftig fremtid.,ˌeneʀˈɡiː,
ressurs,resource,,Olje er en viktig {{ressurs}} for det norske samfunnet.,reˈsʉʀs,
forurensning,pollution,,{{Forurensningen}} i luften skader både mennesker og dyr.,ˌfɔʀʉˈʀɛsnɪŋ,
klima,climate,,{{Klimaet}} er viktig for alle former for liv.,ˈkliːmɑ,
temperatur,temperature,,{{Temperaturen}} stiger hvert år på grunn av varmeeffekten.,ˌtɛmpəʀɑˈtʉːʀ,
# ── Adjectives ───────────────────────────────────────────────────────────────
god,good,,Det var en {{god}} dag med mye sol.,ˈɡuːd,
dårlig,bad,,Været var {{dårlig}} så vi ble hjemme hele dagen.,ˈdoːʀlɪɡ,
stor,big / great,,Hun bodde i et {{stort}} hus ved sjøen.,ˈstuːʀ,
liten,small,,Babyen var {{liten}} og veide bare tre kilo.,ˈliːtən,
ny,new,,Hun kjøpte en {{ny}} jakke på salg i dag.,ˈnʏː,
gammel,old,,Vi besøkte en {{gammel}} kirke fra middelalderen.,ˈɡɑmːəl,
ung,young,,Min {{unge}} søster starter på skolen til høsten.,ˈʊŋ,
høy,tall / high,,Denne {{høye}} bygningen er det talleste huset i byen.,ˈhøːʏ,
lav,low / short,,Stokken er for {{lav}} for at jeg skal nå.,ˈlɑːv,
lang,long,,Vi tok en {{lang}} tur gjennom skogen i går.,ˈlɑŋ,
kort,short,,Møtet var {{kort}} og varte bare tjue minutter.,ˈkɔʈ,
bred,wide,,Den {{brede}} veien gjør det enkelt å kjøre her.,ˈbreː,
smal,narrow,,Det er en {{smal}} gang mellom de to byggene.,ˈsmɑːl,
tykk,fat / thick,,Denne {{tykke}} boken har over fem hundre sider.,ˈtʏkː,
tynn,thin,,Papiret er for {{tynt}} til å skrive på ordentlig.,ˈtʏnː,
sterk,strong,,Han er {{sterk}} nok til å løfte tungt utstyr.,ˈstæɾk,
svak,weak,,Jeg føler meg {{svak}} etter å være syk hele uken.,ˈsvɑːk,
rask,fast,,Løperen var {{rask}} og vant løpet med stor margin.,ˈrɑsk,
langsom,slow,,Den {{langsomme}} bussen kommer alltid for sent til stasjonen.,ˈlɑŋsɔm,
lett,easy,,Denne oppgaven er {{lett}} og tar bare fem minutter.,ˈlɛtː,
vanskelig,difficult,,Matematikken er {{vanskelig}} og jeg trenger hjelp fra læreren.,ˈvɑnskəliː,
viktig,important,,Det er {{viktig}} å spise sunt og bevege seg daglig.,ˈvɪktiː,
nødvendig,necessary,,Paraplyen er {{nødvendig}} fordi det regner hele dagen i dag.,ˈnœðvəndiː,
mulig,possible,,Det er {{mulig}} å reise til fjellene hvis vi starter tidlig.,ˈmʉːliː,
umulig,impossible,,Det er {{umulig}} å flyve uten å bruke et fly.,ʉˈmʉːliː,
sann,true,,Alt han sa var {{sant}} og jeg stolte på ham fullt og helt.,ˈsɑnː,
falsk,false,,Den {{falske}} stolen knakk da jeg satte meg på den.,ˈfɑlsk,
trygg,safe,,Jeg føler meg {{trygg}} når jeg er sammen med venner mine.,ˈtrʏɡː,
farlig,dangerous,,Det er {{farlig}} å kjøre for fort på isete veier.,ˈfɑɾliː,
rik,rich,,Den {{rike}} mannen kjøpte seg et stort hus ved sjøen.,ˈrɪk,
fattig,poor,,Den {{fattige}} familien fikk hjelp fra det lokale velforeninger.,ˈfɑtːiː,
lykkelig,happy,,Hun var {{lykkelig}} da hun fikk sommerjobben hun ønsket seg.,ˈlʏkːəliː,
trist,sad,,Han var {{trist}} fordi hans beste venn flyttet til utlandet.,ˈtrɪst,
sint,angry,,Faren ble {{sint}} da sønnen kom hjem for sent.,ˈsɪnt,
rolig,calm,,Det er {{rolig}} å sitte og lese en god bok.,ˈruːliː,
nervøs,nervous,,Jeg var {{nervøs}} før eksamen men klarte meg veldig bra.,ˈnæɾvøs,
kjedelig,boring,,Filmen var så {{kjedelig}} at jeg sovnet på sofaen.,ˈçeːdəliː,
interessant,interesting,,Det var en {{interessant}} dokumentar om dyrelivet i Afrika.,ɪntəˈrɛsɑnt,
vakker,beautiful,,Hun hadde på seg en {{vakker}} kjole til festen.,ˈvɑkːəɾ,
stygg,ugly,,Kakoen var {{stygg}} men smakte veldig godt uansett.,ˈstʏɡː,
ren,clean,,Jeg liker at huset er {{rent}} og velorganisert alltid.,ˈreːn,
skitten,dirty,,Drengen hadde {{skitne}} klær etter å leke i gjørma.,ˈʃɪtːən,
full,full,,Bussen var {{full}} og jeg måtte stå hele veien til sentrum.,ˈfʊlː,
tom,empty,,Glassene er {{tomme}} så jeg må fylle dem med vann.,ˈtɔm,
åpen,open,,Vinduet er {{åpent}} så det blåser kaldt luften inn.,ˈɔːpən,
lukket,closed,,Butikken er {{lukket}} på søndager så vi kan ikke dra dit.,ˈlʊkːət,
fri,free,,Jeg er {{fri}} på fredagen og planlegger en fin tur.,ˈfriː,
opptatt,busy,,Han er {{opptatt}} hele dagen med møter og viktige oppgaver.,ˈɔpːtɑtː,
forskjellig,different,,Vi har {{forskjellige}} meninger om hvilken film vi skal se.,fɔʂˈçɛliː,
lik,same,,Tvillingene ser så {{like}} ut at folk blander dem ofte.,ˈliːk,
lignende,similar,,Disse to skoene har en {{lignende}} stil og farge.,ˈliːɡnəndə,
spesiell,special,,Hun har en {{spesiell}} gave for å forstå mennesker veldig godt.,speˈʃɛlː,
normal,normal,,Det er {{normalt}} å føle nervøsitet før en stor presentasjon.,nɔʂˈmɑːl,
merkelig,strange,,Det var {{merkelig}} at han ikke svarte på telefonsamtalen.,ˈmæɾkəliː,
vanlig,common,,Det er {{vanlig}} å drikke kaffe om morgenen i Norge.,ˈvɑnːlɪ,
sjelden,rare,,Snø er {{sjelden}} i juli og august nordover.,ˈʃɛldən,
typisk,typical,,Det er {{typisk}} norsk å elske friluftsliv og naturen.,ˈtʏpɪsk,
moderne,modern,,Hun bruker {{moderne}} teknologi i sitt daglige arbeid.,mɔˈdɛrnə,
gammel / antikk,ancient / old,,Det {{gamle}} huset på høyden var bygget for hundre år siden.,ˈɡɑmːəl / ɑnˈtɪkː,
naturlig,natural,,Det er {{naturlig}} at barn er nysjerrige og aktive.,nɑˈtʉːrlɪ,
kunstig,artificial,,Den {{kunstige}} blomsten så ut som en ekte rose.,ˈkʉnstɪ,
fysisk,physical,,{{Fysisk}} trening er viktig for helsen vår hver dag.,ˈfʏsɪsk,
mental,mental,,{{Mental}} styrke hjelper oss gjennom vanskelige tider.,mɛnˈtɑːl,
sosial,social,,{{Sosial}} media endrer hvordan vi kommuniserer med hverandre.,sɔˈʃɑːl,
politisk,political,,{{Politisk}} debatt var intens under valgkampen i år.,pɔˈliːtɪsk,
økonomisk,economic,,{{Økonomisk}} vekst er viktig for landets velstand.,ɪkɔnɔˈmɪsk,
kulturell,cultural,,Festival var en wunderbar {{kulturell}} opplevelse for alle.,kʉltuˈrɛl,
nasjonal,national,,{{Nasjonal}} dag blir feiret sevendemai hver eneste år.,nɑʃɔˈnɑːl,
internasjonal,international,,{{Internasjonal}} handel forbinder land over hele verden.,ɪntərnɑʃɔˈnɑːl,
lokal,local,,Vi kjøper frukt fra {{lokal}} bonde på torvet.,lɔˈkɑːl,
offentlig,public,,{{Offentlig}} transport er rimelig og praktisk i Oslo.,ˈɔfːəntlɪ,
privat,private,,De har en {{privat}} båt ved hytta sin.,prɪˈvɑːt,
personlig,personal,,Det er en {{personlig}} beslutning som bare du kan ta.,pərˈʃuːnlɪ,
profesjonell,professional,,Hun jobber som {{profesjonell}} fotograf for stort magasin.,prɔfɛʃɔˈnɛl,
intelligent,intelligent,,Hunden hans er veldig {{intelligent}} og lærer raskt.,ɪntɛlːɪˈjɛnt,
seriøs,serious,,Han tok en {{seriøs}} tone når han snakket om dette.,səˈrɪøs,
morsom,funny,,Filmen var så {{morsom}} at vi lo hele tiden.,ˈmɔʂɔm,
vennlig,friendly,,Naboen vår er alltid {{vennlig}} og hjelpsom mot oss.,ˈvɛnːlɪ,
ærlig,honest,,Det er bedre å være {{ærlig}} enn å lyve alltid.,ˈɛʂlɪ,
sjenerøs,generous,,Han er {{sjenerøs}} og deler gjerne med andre mennesker.,ʃɛnəˈʁøs,
modig,brave,,Det var {{modig}} av henne å stå opp for rettighetene.,ˈmuːdɪ,
tålmodig,patient,,En god lærer må være {{tålmodig}} med elevene sine.,ˈtɑːlmʊdɪ,
aktiv,active,,Hun er veldig {{aktiv}} og liker å trene daglig.,ɑkˈtiːv,
positiv,positive,,En {{positiv}} holdning hjelper deg gjennom problemer.,pɔsɪˈtiːv,
negativ,negative,,{{Negativ}} tanker kan påvirke din mentale helse alvorlig.,nɛɡɑˈtiːv,
komplett,complete,,Pakken var {{komplett}} med alt vi bestilte tidligere.,kɔmˈplɛtː,
perfekt,perfect,,Været var {{perfekt}} for piknik i parken idag.,pərˈfɛkt,
korrekt,correct,,Svaret ditt er {{korrekt}} og du fikk full poengsum.,kɔˈrɛkt,
nøyaktig,exact,,Klokken viser {{nøyaktig}} tid hver eneste dag.,ˈnøjɑktɪ,
total,total,,{{Total}} kostnad for prosjektet var høyere enn forventet.,tɔˈtɑːl,
hoved,main,,{{Hoved}} temaet i møtet var budsjettplanlegging for år.,ˈhuːvə,
offisiell,official,,{{Offisiell}} resultat blir kunngjort neste mandag formiddag.,ɔfɪsˈjɛl,
formell,formal,,Det er en {{formell}} gjest og han kledde seg pen.,fɔˈrːmɛl,
# ── Adverbs ──────────────────────────────────────────────────────────────────
veldig,very,,Kaffen er {{veldig}} varm så du må passe deg.,ˈvɛlːdɪ,
mer,more,,Jeg trenger {{mer}} tid for å fullføre oppgaven.,ˈmæːr,
mindre,less,,Barnet ville ha {{mindre}} grønnsaker på tallerkenen sin.,ˈmɪnːrə,
også,also / too,,"Jeg liker sjokolade, og du gjør det {{også}}.",ˈɔɔsɑ,
allerede,already,,Han har {{allerede}} lest hele boken på bare uker.,ɑlˈrɛːdə,
fortsatt,still,,Hun {{fortsatt}} jobber på samme plass som før.,ˈfɔʂatː,
aldri,never,,Jeg {{aldri}} spiser frokost når jeg er sent oppe.,ˈɑldːrɪ,
alltid,always,,Han er {{alltid}} snill og respektfull mot alle mennesker.,ˈɑltːɪ,
nesten,almost,,Vi er {{nesten}} fremme og skal komme snart.,ˈnɛstən,
bare,only,,Du kan {{bare}} ta det som du trenger nå.,ˈbɑːrə,
nok,enough,,Vi har {{nok}} mat og drikke til alle gjestene.,ˈnɔkː,
for mye,too much,,Du drikker {{for mye}} kaffe hver dag.,ˈfoːr ˈmʏːə,
litt,a little,,Kan jeg få {{litt}} melk i kaffen min?,ˈlɪtː,
mye,a lot,,Det er {{mye}} snø i fjellene nå.,ˈmʏːə,
bra,well,,Hun snakker norsk veldig {{bra}} og flytende.,ˈbrɑː,
bedre,better,,Dette kaffehuset er {{bedre}} enn det andre.,ˈbeːdrə,
raskt,quickly,,Toget kjører {{raskt}} gjennom landet hver dag.,ˈrɑskt,
sakte,slowly,,Vi gikk {{sakte}} opp trappene sammen.,ˈsɑktə,
sannsynligvis,probably,,Han kommer {{sannsynligvis}} til festen i morgen.,ˈsɑnːsynliːvis,
kanskje,perhaps,,{{Kanskje}} skal vi gå på kino lørdag?,ˈkɑnʃə,
sikkert,certainly,,Du kommer {{sikkert}} til å like maten.,ˈsɪkːərt,
virkelig,really,,Det var {{virkelig}} en vakker dag i dag.,ˈvɪrkəli,
helt,completely,,Jeg er {{helt}} enig med deg om det.,ˈhɛlt,
absolutt,absolutely,,Det er {{absolutt}} ikke akseptabelt å være sen.,ˌɑbsoˈlʉtː,
spesielt,especially,,Jeg liker {{spesielt}} sjokolade og karamell.,spəˈʃɛlt,
hovedsakelig,mainly,,Vi jobber {{hovedsakelig}} med digitale prosjekter her.,ˈhoːvutsɑkəli,
generelt,generally,,{{Generelt}} er været bedre på sommeren.,ʃənəˈrɛlt,
vanligvis,normally,,Hun {{vanligvis}} tar toget til jobb hver dag.,ˈvɑnlivis,
ofte,often,,Vi spiser pizza {{ofte}} på fredagskveldene.,ˈɔftə,
umiddelbart,immediately,,Du må {{umiddelbart}} stoppe det farlige oppførselen.,ʉˈmɪdəlbɑrt,
til slutt,finally,,{{Til slutt}} takket han alle for maten.,ˈtɪl ˈslʉtː,
her,here,,Kom {{her}} så skal jeg vise deg noe.,ˈhæːr,
der,there,,Skolen ligger {{der}} på andre siden av veien.,ˈdæːr,
nær,near,,Butikken ligger {{nær}} huset mitt.,ˈnæːr,
langt,far,,Oslo er {{langt}} fra hvor jeg bor.,ˈlɑŋt,
inne,inside,,Det er veldig varmt {{inne}} i huset nå.,ˈɪnːə,
ute,outside,,Barnas leker {{ute}} i parken hver dag.,ˈʉːtə,
oppe,up / above,,Katten sitter {{oppe}} på taket igjen.,ˈɔpːə,
nede,down / below,,Bilen står {{nede}} i garasjen under huset.,ˈneːdə,
foran,in front,,Det er en stor park {{foran}} skolen.,foˈrɑn,
bak,behind,,Hundens hale henger {{bak}} når han løper.,ˈbɑk,
# ── Prepositions and conjunctions ────────────────────────────────────────────
av,of / from,,Jeg drikker et glass {{av}} den beste mosen.,ˈɑv,
til,to / until,,Vi skal dra {{til}} fjellene neste uke.,ˈtɪl,
i,in / at,,Jeg bor {{i}} en liten leilighet i byen.,ˈiː,
med,with,,Kan jeg komme {{med}} dere på turen?,ˈmeː,
uten,without,,Jeg kan ikke leve {{uten}} min kaffe.,ˈʉːtən,
for,for,,Denne gaven er {{for}} min beste venn.,ˈfoːr,
gjennom,through,,Vi kjørte {{gjennom}} tunnelen veldig raskt.,ˈjɛnnɔm,
om,about / around,,Hva tenker du {{om}} det nye filmens?,ˈɔm,
mellom,between,,Hemmelighetene ligger {{mellom}} ham og meg.,ˈmɛlːɔm,
fra,from / since,,Jeg kommer {{fra}} en liten by i Norge.,ˈfrɑː,
under,during / under,,{{Under}} middagen pratet vi om livet.,ˈʉnnər,
før,before,,Du må komme hjem {{før}} klokken ni.,ˈføːr,
etter,after,,Vi går til kino {{etter}} at vi spiser.,ˈɛtːər,
selv om,although,,Jeg liker ham {{selv om}} han er sta.,ˈsɛlv ˈɔm,
fordi,because,,Jeg er glad {{fordi}} solen skinner i dag.,foˈriː,
hvis,if,,"{{Hvis}} du vil, kan vi møtes senere.",ˈhvɪs,
når,when,,"{{Når}} jeg var liten, bodde jeg i bygda.",ˈnɔːr,
hvor,where,,{{Hvor}} er nøklene mine fra i dag?,ˈhuːr,
som,as / like / who,,Det lyder {{som}} en veldig god idé.,ˈsɔm,
at,that,,Jeg tror {{at}} han kommer til å være glad.,ˈɑt,
men,but,,"Jeg vil gjerne komme, {{men}} jeg har ikke tid i dag.",ˈmɛn,
eller,or,,Vil du ha kaffe {{eller}} te til morgenen?,ˈɛlːər,
og,and,,Hun liker å lese bøker {{og}} se på filmer.,ʊk,
hverken...eller,neither...nor,,Han liker {{hverken}} sport {{eller}} musikk særlig godt.,ˈkvɛrkən...ˈɛlːər,
derfor,therefore,,"Det regner mye i dag, {{derfor}} blir vi hjemme nå.",ˈdɛrfɔr,
# ── Pronouns ─────────────────────────────────────────────────────────────────
jeg,I,,{{Jeg}} jobber som lærer på en stor skole.,jæi,
du,you (informal),,{{Du}} skal huske å ta med paraply i morgen.,dʉ,
han,he,,{{Han}} er min beste venn fra barneskolen.,hɑn,
hun,she,,{{Hun}} bor i Oslo med sin familie nå.,hʉn,
vi,we,,{{Vi}} skal reise til fjellene i påsken sammen.,viː,
dere,you all,,Hva gjør {{dere}} i helgen hvis været blir fint?,ˈdeːrə,
de,they,,{{De}} spiller fotball på stadion hver mandag kveld.,diː,
meg,me,,Kan du hjelpe {{meg}} med denne vanskelige oppgaven?,mɛi,
seg,himself / herself,,Hun vasker {{seg}} og kler på {{seg}} fort om morgenen.,sɛi,
min,my,,{{Min}} søster studerer medisin ved universitetet i Bergen.,miːn,
din,your,,Er {{din}} leilighet nær stasjonen eller langt unna?,diːn,
hans,his,,{{Hans}} bil er rød og veldig fin.,hɑns,
hennes,her,,{{Hennes}} hund er snill og liker alle mennesker.,ˈhɛnːəs,
vår,our,,{{Vår}} hus ligger på en rolig gate i sentrum.,vɔːr,
denne,this,,{{Denne}} boka er veldig interessant og spennende å lese.,ˈdɛnːə,
den,that,,Jeg liker {{den}} filmen som vi så i går kveld.,dɛn,
noe,something,,Har du {{noe}} drikke eller mat med deg nå?,ˈnuːə,
ingenting,nothing,,Det var {{ingenting}} interessant på menyen på restauranten.,ˈɪŋənˌtɪŋ,
noen,someone,,{{Noen}} har ringt til deg flere ganger i dag.,ˈnuːən,
ingen,nobody,,{{Ingen}} var hjemme da jeg kom til huset deres.,ˈɪŋən,
alt,everything,,{{Alt}} som skjer er bra for din personlig utvikling.,ɑlt,
# ── Numbers ──────────────────────────────────────────────────────────────────
en,one,,Jeg kjøpte {{en}} ny bok på bokhandelen i går.,ˈeːn,
to,two,,Hun har {{to}} katter som hun elsker veldig mye.,ˈtuː,
fire,four,,Det er {{fire}} personer i min familie totalt.,ˈfiːrə,
fem,five,,Vi trenger {{fem}} billetter til konserten på fredag.,fɛm,
seks,six,,Klassens fotballag har {{seks}} spillere som er meget dyktige.,ˈsɛks,
syv,seven,,{{Syv}} av studentene bestod eksamen med svært god karakter.,ˈsʏv,
åtte,eight,,Butikken åpner klokken åtte og stenger klokken {{åtte}} om kvelden.,ˈɔtːə,
ni,nine,,Skolen har {{ni}} klasserom og en stor gymnastikhall.,ˈniː,
ti,ten,,Det kostet {{ti}} kroner per kilo på markedet.,ˈtiː,
elleve,eleven,,Bussen går klokken {{elleve}} fra sentrum hver formiddag.,ˈɛlːəvə,
tolv,twelve,,Det er {{tolv}} måneder i året og fire årstider.,ˈtɔlv,
tjue,twenty,,Han jobbet i bedriften i {{tjue}} år før han pensjonerte seg.,ˈçuːə,
tretti,thirty,,Rommet er ca {{tretti}} kvadratmeter stort og lyst.,ˈtrɛtːi,
førti,forty,,Temperaturen var {{førti}} grader Celsius i solen i dag.,ˈfœrːti,
femti,fifty,,Han veier omtrent {{femti}} kilo og er i god form.,ˈfɛmːti,
hundre,one hundred,,Det var {{hundre}} mennesker på konserten i går kveld.,ˈhʉnːrə,
tusen,one thousand,,I fjor var det {{tusen}} besøkende på festivalen.,ˈtʉːsən,
million,one million,,Befolkningen i landet er nesten {{million}} mennesker nå.,milˈjuːn,
første,first,,Min {{første}} dag på skolen var veldig spennende og nervøs.,ˈfœrːstə,
siste,last,,Vi skal møtes på {{siste}} dag av sommerferien.,ˈsɪstə,
# ── Question words ───────────────────────────────────────────────────────────
hva,what,,{{Hva}} liker du best å gjøre på fritiden din?,hvɑ,
hvem,who,,{{Hvem}} er den nye læreren som starter i morgen?,hvɛm,
hvilken,which,,{{Hvilken}} farge foretrekker du når du kjøper klær?,ˈkvɪlkən,
hvordan,how,,{{Hvordan}} skal vi komme til konsertsalen på lørdag?,ˈhuːrdɑn,
hvor mye,how much,,{{Hvor mye}} koster denne boken i butikken?,ˈhʊ̀ːɾ ˈmʏːə,
hvorfor,why,,{{Hvorfor}} er du ikke på skolen i dag?,ˈhʊ̀ːɾfɔɾ,
# ── Days of the week ─────────────────────────────────────────────────────────
mandag,Monday,,Vi har møte {{mandag}} klokken ti om morgenen.,ˈmɑnːdɑɡ,
tirsdag,Tuesday,,Hun jobber alltid {{tirsdag}} kveld på restauranten.,ˈtʰɪɾʂdɑɡ,
onsdag,Wednesday,,Det er kanskje en film på {{onsdag}} kveld?,ˈʊnsdɑɡ,
torsdag,Thursday,,Han har trening {{torsdag}} etter skolen hver uke.,ˈtʰʊɾʂdɑɡ,
fredag,Friday,,Vi går på kino {{fredag}} kveld med venner.,ˈfɾeːdɑɡ,
lørdag,Saturday,,{{Lørdag}} morgen sover jeg lenger enn vanlig.,ˈløːɾdɑɡ,
søndag,Sunday,,Familien spiser middag sammen {{søndag}} klokken fem.,ˈsøːndɑɡ,
# ── Months ───────────────────────────────────────────────────────────────────
januar,January,,Det er kaldt og snø i {{januar}} hver år.,ˈjɑnʉɑɾ,
februar,February,,{{Februar}} er den korteste måneden på året.,ˈfeβɾʉɑɾ,
mars,March,,Vårens blomster begynner å vokse i {{mars}}.,ˈmɑʂ,
april,April,,{{April}} bringer mild vær og grønt gress.,ˈɑpɾɪl,
mai,May,,Vi plantar tomater i hagen i {{mai}}.,ˈmɑɪ,
juni,June,,{{Juni}} er en vakker sommermåned med lange dager.,ˈjʉːnɪ,
juli,July,,De fleste nordmenn tar ferie i {{juli}} måned.,ˈjʉːlɪ,
august,August,,Skolen begynner igjen i slutten av {{august}}.,ɑʉˈɡʉst,
september,September,,{{September}} markeringsdag for slutten av sommeren her.,sepˈtʰembəɾ,
oktober,October,,{{Oktober}} er når høstfargene blir veldig vakre.,ɔkˈtʰoːbəɾ,
november,November,,Det regner mye og blir mørkt i {{november}}.,nɔˈvembəɾ,
desember,December,,Julen feires med glede i {{desember}} måned.,deˈsembəɾ,
# ── Seasons ──────────────────────────────────────────────────────────────────
sommer,summer,,Om {{sommeren}} er været varmt og solrikt.,ˈsɔmːəɾ,
høst,autumn / fall,,{{Høsten}} er vakker med røde og gule blader.,ˈhøst,
vinter,winter,,{{Vinteren}} er kald og vi kan gå på ski.,ˈvɪntəɾ,
# ── Professions ──────────────────────────────────────────────────────────────
lærer,teacher,,Min {{lærer}} er veldig smart og snill med oss.,ˈlæːɾəɾ,
advokat,lawyer,,{{Advokaten}} hjalp ham med det juridiske problemet sitt.,ɑdvoˈkɑːt,
ingeniør,engineer,,{{Ingeniøren}} designer store broer og bygninger hver dag.,ɪŋɡenˈjøːɾ,
arkitekt,architect,,{{Arkitekten}} tegnet en flott ny skole for byen.,ɑɾkɪˈtʰekt,
kokk,chef / cook,,{{Kokken}} lager deilig mat på det fine restauranten.,ˈkʰɔkː,
musiker,musician,,{{Musikeren}} spiller piano meget godt i konsertene.,ˈmʉːsɪkəɾ,
kunstner,artist,,{{Kunstneren}} maler vakkert maleri på lerret sitt.,ˈkʰʉnstneɾ,
forfatter,writer,,{{Forfatteren}} skrev en spennende bok som jeg liker.,fɔɾˈfɑtːəɾ,
journalist,journalist,,{{Journalisten}} skriver om viktige nyheter hver dag på avisen.,ʒʊɾnaˈlɪst,
forsker,scientist,,{{Forskeren}} gjør eksperimenter på laboratoriet sin hele tiden.,ˈfɔʂkəɾ,
tannlege,dentist,,Jeg går til {{tannlegen}} for å sjekke tennene.,ˈtʰɑnːleːɡə,
apoteker,pharmacist,,{{Apotekeren}} gir meg medisin når jeg er syk.,ɑpɔˈtʰeːkəɾ,
brannmann,firefighter,,{{Brannmannen}} reddet folk fra det brennende huset igjen.,ˈbrɑnːmɑnː,
pilot,pilot,,{{Piloten}} flyr flyet til mange ulike land verden.,pɪˈloːt,
sjåfør,driver,,{{Sjåføren}} kjørte bussen helt til slutten av linjen.,ˈʂɔːfœɾ,
mekaniker,mechanic,,{{Mekanikeren}} fikser min bil når den ikke virker.,mekaˈniːkəɾ,
elektriker,electrician,,{{Elektrikeren}} installerte ny ledninger i hele huset sitt.,elekˈtʰɾiːkəɾ,
tømmermann,carpenter,,{{Tømmermannen}} bygget et fint hus av tre og planker.,ˈtʰœmːəɾmɑnː,
gartner,gardener,,{{Gartneren}} plantet blomster og grønnsakene i store bed.,ˈɡɑɾtneɾ,
kelner,waiter,,{{Kelneren}} tok bestillingen min på restauranten veldig fort.,ˈkʰelneɾ,
ansatt,employee,,Han er en {{ansatt}} på bedriften som jobber hardt.,ɑnˈsɑtː,
sjef,boss,,Min {{sjef}} er veldig streng men rettferdig alltid.,ˈʂeːf,
direktør,director,,{{Direktøren}} tar alle de viktigste beslutningene i bedriften.,dɪɾekˈtʰøːɾ,
leder,manager,,{{Lederen}} av klubben ordnet møte med alle medlemmene.,ˈleːdəɾ,
sekretær,secretary,,{{Sekretæren}} planlegger møtene og svarer på alle telefoner.,sekɾeˈtʰæːɾ,
regnskapsfører,accountant,,{{Regnskapsfører}} teller alle pengesummene i bedriften hver dag.,ˈɾɛɡnskaːpsføːɾəɾ,
økonom,economist,,Min bror arbeider som {{økonom}} i en stor bank.,ˈøːkɔnɔm,
psykolog,psychologist,,{{Psykologen}} hjalp meg med å forstå mine følelser.,psʏkɔˈlɔɡ,
sosiolog,sociologist,,{{Sosiologen}} forsker på hvordan samfunnet fungerer.,sɔsɪɔˈlɔɡ,
historiker,historian,,{{Historikeren}} skrev en spennende bok om middelalderen.,hɪsˈtɔːrɪkər,
# ── More verbs ───────────────────────────────────────────────────────────────
diskutere,to discuss,,Vi {{diskuterte}} politikk i timesvis på møtet.,dɪskʊˈteːrə,
sammenligne,to compare,,Det er vanskelig å {{sammenligne}} disse to produktene direkte.,ˈsɑmənˌliːɲə,
analysere,to analyse,,Legen skal {{analysere}} blodprøvene dine neste uke.,ɑnɑˈlʏseːrə,
planlegge,to plan,,Vi må {{planlegge}} ferieturen vår snart.,ˈplɑnˌleɡːə,
organisere,to organize,,Hun {{organiserer}} alle møtene for bedriften sin.,ɔrɡɑnɪˈseːrə,
kontrollere,to control,,Politiet {{kontrollerer}} hastigheten på veien hver dag.,kɔntɾɔˈleːrə,
måle,to measure,,Vi skal {{måle}} høyden på barnet hver måned.,ˈmɑːlə,
renovere,to renovate,,De {{renoverer}} det gamle huset for øyeblikket.,ɾeːnɔˈveːrə,
reparere,to repair,,Snekkeren skal {{reparere}} døren på kjøkkenet i morgen.,ɾepɑˈreːrə,
installere,to install,,Teknikeren {{installerer}} den nye varmepumpen i dag.,ɪnstɑˈleːrə,
koble til,to connect,,Du må {{koble til}} internett før du starter.,ˈkɔbːlə ˈtɪl,
laste ned,to download,,Jeg {{laster ned}} en ny app på telefonen min.,ˈlɑstə ˈneːd,
laste opp,to upload,,Hun {{laster opp}} bildene til nettsiden sin nå.,ˈlɑstə ˈɔpː,
programmere,to program,,Han {{programmerer}} nettsteder for flere selskaper.,pɾɔɡɾɑˈmeːrə,
designe,to design,,{{Designeren}} skapte en vakker logo for bedriften.,deːˈsiɲə,
oppfinne,to invent,,Edison {{oppfant}} lyspæren for veldig lenge siden.,ˈɔpˌfɪnːə,
oppdage,to discover,,Forskerne {{oppdaget}} en ny art i jungelen.,ˈɔpˌdɑːɡə,
etterforske,to investigate,,Politiet {{etterforskede}} forbrytelsen grundig.,ˈetːərˌfɔʂkə,
studere,to study,,Hun {{studerer}} medisin ved universitetet i Oslo.,stʊˈdeːrə,
øve,to practise,,Jeg {{øver}} på piano tre ganger hver uke.,ˈøːvə,
konkurrere,to compete,,Atleten {{konkurrerer}} i flere internasjonale stevner årlig.,kɔŋkʊˈreːrə,
nyte,to enjoy,,Vi {{nøt}} en koselig kveld sammen med venner.,ˈnʏːtə,
lide,to suffer,,Han {{lider}} av hodepine når det regner.,ˈliːdə,
ta vare på,to take care of,,Vi må {{ta vare på}} planten når jeg reiser.,ˈtɑ ˈvɑːrə ˈpɔ,
redde,to save / to rescue,,Brannmennene {{reddet}} de hjelpeløse hundene fra brannen.,ˈɾedːə,
dele,to share,,Barna {{deler}} godteriet sitt med hverandre.,ˈdeːlə,
eldes,to age / to grow old,,Vin {{eldes}} bedre på kjøleren over mange år.,ˈelːəs,
samarbeide,to cooperate,,Vi {{samarbeider}} med andre bedrifter på dette prosjektet.,ˈsɑmɑɾˌbɑɪdə,
forhandle,to negotiate,,De {{forhandler}} om prisen på huset nå.,fɔɾˈhɑnːdlə,
ansette,to hire,,Bedriften skal {{ansette}} ti nye arbeidere snart.,ɑnˈsetːə,
eksportere,to export,,Norge {{eksporterer}} mye fisk til andre land.,ekspɔɾˈteːrə,
importere,to import,,Vi {{importerer}} frukten fra Spania og Italia.,ɪmpɔɾˈteːrə,
stemme,to vote,,Jeg {{stemte}} på det partiet i forrige valg.,ˈstemːə,
styre,to govern,,Statsministeren {{styrer}} landet med hjelp fra regjeringen.,ˈstʏːrə,
dekorere,to decorate,,Vi {{dekorerer}} stuen til jul hver november.,dekɔˈreːrə,
gi råd,to advise,,Jeg {{ga råd}} til vennen min om karrieren.,ˈɡiː ˈrɔːd,
godkjenne,to approve,,Sjefen må {{godkjenne}} budsjettet før vi starter.,ˈɡuːdˌçenːə,
søke,to apply,,Hun {{søker}} om en stilling som lærer.,ˈsøːkə,
oppnå,to achieve,,Han {{oppnådde}} sitt drømmemål gjennom hardt arbeid.,ˈɔpˌnɔ,
blande,to mix,,Du skal {{blande}} ingrediensene før du baker.,ˈblɑnːdə,
forberede,to prepare,,Vi {{forbereder}} oss til eksamen neste uke.,fɔɾbəˈreːdə,
servere,to serve,,Kelneren {{serverte}} maten veldig raskt til oss.,seɾˈveːrə,
låne,to borrow / to lend,,Kan jeg {{låne}} pennen din i noen minutter?,ˈlɔːnə,
søle,to spill,,Barnet {{sølet}} melk på bordet igjen.,ˈsøːlə,
overvåke,to monitor,,Kameraene {{overvåker}} området hele døgnet hver dag.,ˈoːvərˌvɔːkə,
beskytte,to protect,,Politiet {{beskytter}} borgerne fra kriminalitet og fare.,bəˈʂʏtːə,
oppmuntre,to encourage,,Læreren {{oppmuntrer}} elevene til å gjøre sitt beste.,ˈɔpːˌmʉnːtrə,
forby,to forbid,,Skolen {{forbyr}} mobbing blant alle elevene.,fɔrˈbyː,
bekrefte,to confirm,,Jeg må {{bekrefte}} avtalen før klokken tolv.,bəˈkrɛftə,
avlyse,to cancel,,De {{avlyste}} konserten på grunn av dårlig vær.,ˈɑvˌlyːsə,
utsette,to postpone,,Vi {{utsetter}} møtet til neste uke dessverre.,ˈʉtˌsɛtːə,
gratulere,to congratulate,,Vi {{gratulerer}} dere med det flotte resultatet.,ɡrɑtʉˈleːrə,
gifte seg,to get married,,Min søster skal {{gifte seg}} neste sommer.,ˈɡɪftə sɛɡ,
skille seg,to get divorced,,De bestemte seg for å {{skille seg}} i fjor.,ˈʂɪlːə sɛɡ,
# ── More nouns ───────────────────────────────────────────────────────────────
demokrati,democracy,,{{Demokrati}} er en viktig styringsform i Norge.,demɔkrɑˈtiː,
diktatur,dictatorship,,{{Diktatur}} undertrykker frihet og menneskelige rettigheter.,dɪktɑˈtʉːr,
valg,election,,Det blir {{valg}} til Stortinget neste år.,ˈvɑlɡ,
parti,political party,,Han er medlem av det samme {{partiet}} som faren.,pɑrˈtiː,
skatt,tax,,Vi betaler {{skatt}} til staten hvert år.,ˈʂɑtː,
gjeld,debt,,Han har stor {{gjeld}} fra studietiden sin.,ˈɡjɛld,
rente,interest,,Banken betaler lav {{rente}} på sparekontoen min.,ˈrɛntə,
investering,investment,,Det var en klok {{investering}} å kjøpe aksjer nå.,ɪnvɛsˈteːrɪŋ,
fortjeneste,profit,,Bedriften gjorde stor {{fortjeneste}} i fjor.,ˈfɔrˌtjəˌnɛstə,
budsjett,budget,,Vi må planlegge {{budsjettet}} for neste år nøye.,bʉˈʂɛtː,
kontrakt,contract,,Han signerte en ny {{kontrakt}} med arbeidsgiveren sin.,kɔnˈtraktː,
avtale,agreement,,Vi inngikk en {{avtale}} om møte mandag.,ˈɑvˌtɑːlə,
regel,rule,,Hver {{regel}} må følges av alle elevene.,ˈreːɡəl,
regulering,regulation,,{{Regulering}} av markedet er viktig for økonomien.,reɡʉˈleːrɪŋ,
institusjon,institution,,Universitetet er en viktig {{institusjon}} i samfunnet.,ɪnstɪtʉˈʂuːn,
organisasjon,organization,,Hun arbeider for en humanitær {{organisasjon}} i Afrika.,ɔrɡɑnɪsɑˈʂuːn,
forening,association,,Jeg er medlem av en idrettslag {{forening}} lokalt.,fɔrˈeːnɪŋ,
møte,meeting,,Vi har {{møte}} med ledelsen klokken to i dag.,ˈmøːtə,
konferanse,conference,,Han presenterte funnene sine på {{konferansen}} i Oslo.,kɔnfəˈrɑnsə,
rapport,report,,Jeg skal levere {{rapporten}} til sjefene mine i morgen.,rɑˈpɔrtː,
statistikk,statistics,,{{Statistikken}} viser at befolkningen vokser raskt.,stɑtɪˈstɪkː,
forskning,research,,Hans {{forskning}} fokuserer på klimaendringer og miljø.,ˈfɔrʂnɪŋ,
eksperiment,experiment,,Vi gjør et {{eksperiment}} med planter i timingen.,ɛksperimɛnˈtɛ,
laboratorium,laboratory,,De jobber daglig på {{laboratoriet}} med analyser.,lɑbɔrɑˈtuːrɪʊm,
klinikk,clinic,,Min lege jobber på {{klinikken}} i sentrum.,klɪˈnɪkː,
apotek,pharmacy,,Du kan kjøpe medisinene på {{apoteket}} nedenfor.,ɑpɔˈteːk,
resept,prescription,,Jeg trenger en {{resept}} fra legen for medisinene.,rəˈsɛpːt,
diagnose,diagnosis,,Legen ga meg en {{diagnose}} etter undersøkelsen.,diɑɡˈnoːsə,
symptom,symptom,,Fever og hoste er {{symptomer}} på influensa.,ˈsʏmptɔm,
vaksine,vaccine,,{{Vaksinen}} beskytter deg mot flere sykdommer.,vɑkˈsiːnə,
operasjon,operation / surgery,,Han skal gjennomgå en {{operasjon}} neste uke.,ɔpərɑˈʂuːn,
terapi,therapy,,Hun får {{terapi}} for å håndtere stresset bedre.,terɑˈpiː,
psykologi,psychology,,{{Psykologi}} er studien av menneskelig atferd og tanker.,psʏkɔˈloːɡiː,
stress,stress,,Arbeidspresset gir meg mye {{stress}} hver dag.,ˈstrɛsː,
angst,anxiety,,Han sliter med {{angst}} for høyder og flyvning.,ˈɑŋstː,
depresjon,depression,,{{Depresjon}} er en alvorlig psykisk helsetilstand.,dəprɛˈʂuːn,
sone,zone / area,,Parkens grønne {{sone}} er veldig vakker om våren.,ˈsuːnə,
nabolag,neighbourhood,,Mitt {{nabolag}} har mange hyggelige mennesker og venner.,ˈnɑːbɔˌlɑːɡ,
grense,border,,{{Grensen}} mellom Sverige og Norge går gjennom fjellene.,ˈɡrɛnsə,
territorium,territory,,Dette [[territoriet]] tilhører fuglekongen og hans flokk.,tɛritɔˈriːʊm,
fylke,county / province,,Hordaland er et {{fylke}} på Vestlandet i Norge.,ˈfʏlːkə,
kommune,municipality,,{{Kommunen}} vår har opparbeidet gode skolefasiliteter for barna.,kɔˈmʉːnə,
landsby,village,,Min besteforeldre bor i en liten {{landsby}} på Østlandet.,ˈlɑndsˌby,
kjeller,basement,,Vi lagrer gamle møbler i {{kjelleren}} under huset.,ˈçɛlːər,
loft,attic,,Katene liker å sove på {{loftet}} om sommeren.,ˈlɔft,
terrasse,terrace,,Vi spiser kaffe på {{terrassen}} hver morgen.,tɛˈrɑsːə,
balkong,balcony,,Hun henger vasketøy på {{balkongen}} sin.,bɑlˈkɔŋ,
heis,lift / elevator,,{{Heisen}} i bygningen er ødelagt i dag.,ˈhɛɪs,
trapp,staircase,,Barnet går ned {{trappen}} veldig forsiktig.,ˈtrɑpː,
metall,metal,,Døren er laget av {{metall}} og ser flott ut.,mɛˈtɑlː,
plast,plastic,,Disse plastikkglassene er laget av {{plast}}.,ˈplɑst,
glass,glass,,Vinduene er laget av klart {{glass}}.,ˈɡlɑsː,
papir,paper,,Jeg trenger {{papir}} til å skrive brevet.,pɑˈpiːr,
stoff,fabric,,Sofaen er dekket med mykt {{stoff}}.,ˈstɔfː,
ull,wool,,Genseren er lagd av fin {{ull}} fra Norge.,ˈʉlː,
bomull,cotton,,Skjorten er laget av hvit {{bomull}}.,ˈbuːmʉlː,
lær,leather,,Skoene mine er laget av brunt {{lær}}.,ˈlæːr,
silke,silk,,Skjerf av {{silke}} er veldig elegant og dyr.,ˈsɪlːkə,
parfyme,perfume,,Hun bruker sin favoritt {{parfyme}} hver dag.,pɑrˈfyːmə,
såpe,soap,,Jeg vasker hendene med flytende {{såpe}}.,ˈsɔːpə,
sjampo,shampoo,,Hvilket {{sjampo}} bruker du til håret?,ˈʂɑmːpu,
tannbørste,toothbrush,,Jeg kjøper en ny {{tannbørste}} hver måned.,ˈtɑnːbœrstə,
tannkrem,toothpaste,,{{Tannkremen}} med fluor er best for tennene.,ˈtɑnːkrɛm,
barberblad,razor,,Han bruker skarpt {{barberblad}} når han barberer seg.,ˈbɑrbərˌblɑːd,
speil,mirror,,Jeg ser meg i {{speilet}} før jeg går ut.,ˈspɛɪl,
håndkle,towel,,Det blå {{håndklet}} er vasket og rent.,ˈhɔnːklə,
teppe,blanket,,Vi trenger et varmt {{teppe}} på vinteren.,ˈtɛpːə,
pute,pillow,,Hun sover med to {{puter}} under hodet.,ˈpuːtə,
madrass,mattress,,Den nye {{madrassen}} er veldig komfortabel.,mɑˈdɾɑsː,
møbler,furniture,,Vi kjøpte nye {{møbler}} til stuen i dag.,ˈmœːblər,
sofa,sofa,,{{Sofaen}} i stuen er grå og stor.,ˈsuːfɑ,
stol,chair,,Han sitter på en {{stol}} ved bordet.,ˈstuːl,
bord,table,,Maten står på {{bordet}} i kjøkkenet.,ˈbuːɾ,
skrivebord,desk,,Boken ligger på {{skrivabordet}} mitt.,ˈskriːvəˌbuːɾ,
lampe,lamp,,{{Lampen}} på nattbordet lyser svakt om kvelden.,ˈlɑmːpə,
gardin,curtain,,De røde {{gardinene}} blokkerer solen fra å komme inn.,ɡɑrˈdiːn,
hylle,shelf,,Bøkene står på {{hyllen}} i stuen.,ˈhʏlːə,
skuff,drawer,,Sokker ligger i {{skuffen}} på kommoden.,ˈskʉfː,
klesskap,wardrobe,,Alle klærne mine er i {{kleskapet}} mitt.,ˈklɛːsˌskɑːp,
kjøleskap,fridge,,Melk og ost er i {{kjøleskapet}} vårt.,ˈçœːləˌskɑːp,
ovn,oven,,Jeg baker brød i {{ovnen}} to ganger i uken.,ˈuːvn,
mikrobølgeovn,microwave,,{{Mikrobølgeovnen}} varmer opp maten på fem minutter.,ˈmiːkɾoːbœlɡəˌuːvn,
oppvaskmaskin,dishwasher,,Jeg setter skitne tallerkener i {{oppvaskmaskinen}}.,ˈɔpːvɑskˌmɑʂiːn,
vaskemaskin,washing machine,,{{Vaskemaskinen}} kjører hver tirsdag og torsdag.,ˈvɑskəˌmɑʂiːn,
klimaanlegg,air conditioner,,{{Klimaanlegget}} holder stuen kjølig på varme dager.,ˈkliːmɑˌɑnːlɛɡ,
varmeovn,heating,,{{Varmeovnen}} slår seg på når det blir kaldt.,ˈvɑrməˌuːvn,
# ── More adjectives ──────────────────────────────────────────────────────────
ansvarlig,responsible,,Hun er {{ansvarlig}} for alle møtene våre.,ˈɑnsːvɑrliː,
dyktig,capable,,Han er en {{dyktig}} snekker og reparerer alt.,ˈdʏkːtiː,
tilgjengelig,available,,Biblioteket er {{tilgjengelig}} fra åtte til åtte.,tɪlˈjɛŋːəliː,
bærekraftig,sustainable,,Vi kjøper {{bærekraftige}} produkter som er miljøvennlige.,ˈbæːrəkrɑfːtiː,
effektiv,efficient,,En {{effektiv}} metode sparer både tid og penger.,ɛfːɛkˈtiːv,
produktiv,productive,,Hun har en {{produktiv}} arbeidsdag med mye fokus.,pɾodʉkˈtiːv,
kreativ,creative,,Hun er en {{kreativ}} designer som lager flotte logoer.,krɛɑˈtiːv,
innovativ,innovative,,Bedriften har en {{innovativ}} tilnærming til problemløsing.,ɪnʊvɑˈtiːv,
digital,digital,,Vi bruker {{digital}} verktøy for å kommunisere hver dag.,ˈdɪɡɪtɑːl,
virtuell,virtual,,Møtet vårt skjedde på en {{virtuell}} plattform i går.,vɪrˈtʉːɛl,
global,global,,Selskapet har {{globale}} kontorer i flere kontinenter.,ɡloˈbɑːl,
regional,regional,,Den {{regionale}} forsamlingen møtes hver måned i byen.,reˈɡjoːnɑːl,
urban,urban,,{{Urban}} områder har mer trafikk enn små landsbyer.,ˈʉrbɑn,
rural,rural,,Farmene ligger i {{rural}} strøk langt fra byen.,ˈrʉrɑːl,
tradisjonell,traditional,,Vi spiser {{tradisjonell}} norsk mat til julaften.,trɑdɪʃoˈnɛl,
demokratisk,democratic,,Vårt styre tar {{demokratiske}} beslutninger sammen.,dɛmoˈkrɑtɪsk,
religiøs,religious,,Han er en {{religiøs}} person som går til kirken.,rɛlɪɡiˈøːs,
historisk,historical,,Det {{historiske}} slottet er en vakker seværdighet.,hɪˈstoːrɪsk,
vitenskapelig,scientific,,Hennes {{vitenskapelige}} forskning har gitt nye funn.,vɪˈtɛnskɑpəlɪ,
lovlig,legal,,Det er {{lovlig}} å parkere bilen på denne siden.,ˈloːvlɪ,
ulovlig,illegal,,Smugling av varer er {{ulovlig}} i alle land.,ˈʉːloːvlɪ,
frivillig,voluntary,,Han arbeider som {{frivillig}} i frivilligorganisasjonen.,ˈfriːvɪlɪ,
obligatorisk,mandatory,,Skolegangen er {{obligatorisk}} for alle barn i Norge.,ɔbliɡɑˈtoːrɪsk,
midlertidig,temporary,,Jobben hans er {{midlertidig}} og varer til sommeren.,ˈmɪdlərtɪdi,
permanent,permanent,,Vi leter etter en {{permanent}} løsning på problemet.,pɛrmanˈɛnt,
presserende,urgent,,Det er {{presserende}} å løse denne saken snart.,ˈprɛsərɑndə,
deilig,delicious,,Kaken smakte {{deilig}} og alle ville ha mer.,ˈdɛɪlɪ,
krydret,spicy,,Maten var veldig {{krydret}} og het på tunga.,ˈkrʏdərət,
bitter,bitter,,Kaffen hadde en {{bitter}} smak som jeg ikke liker.,ˈbɪtər,
sur,sour,,Sirkelen var {{sur}} fordi den lagret feil.,ˈsʉːr,
fersk,fresh,,Vi kjøpte {{frisk}} brød fra bakeren denne morgenen.,ˈfæʂk,
moden,ripe / mature,,Bananen er {{moden}} og klar til å spises nå.,ˈmoːdən,
rå,raw,,Kjøttet var {{råt}} og trengte mer tilberedning.,ˈrɔː,
kokt,cooked,,Egget var {{kokt}} og herlig til frokost.,ˈkʊkt,
varm,hot / warm,,Kaffen er veldig {{varm}} så vi må vente.,ˈvɑrm,
kald,cold,,Vannet i havet er {{kaldt}} selv om det er sommer.,ˈkɑld,
lunken,lukewarm,,Badekaret hadde {{lunken}} temperatur som var behagelig.,ˈlʊŋkən,
fuktig,humid / damp,,Været er {{fuktig}} og tung i dag.,ˈfʊktɪ,
tørr,dry,,Skinnet mitt blir {{tørt}} om vinteren.,ˈtœrː,
overskyet,cloudy,,Dagen var {{overskyet}} så vi så ikke solen.,ˈoːvərsʃeːtə,
solrik,sunny,,Juni var en {{solrik}} måned med mye fint vær.,ˈsoːlrɪk,
regnfull,rainy,,Oktober er en {{regnfull}} måned her på Vestlandet.,ˈrɛɡnfʊl,
stormfull,stormy,,Det var en {{stormfull}} natt med mye vind og regn.,ˈstɔrmfʊl,
vindfullt,windy,,Været er {{vindfullt}} så du trenger en jakke.,ˈvɪndfʊlt,
kvittering,receipt,,Jeg må ha {{kvitteringen}} for å returnere varen.,kvɪˈtɛrɪŋ,
faktura,invoice / bill,,{{Fakturaen}} fra leverandøren kom i dag.,fɑkˈtʉːrɑ,
gjennomsnitt,average,,{{Gjennomsnittet}} av karakterene hans var veldig bra.,ˈɡjɛnʊmsˌnɪt,
prosentandel,percentage,,En høy {{prosentandel}} av elevene består eksamen.,pʊsɛnˈtɑndəl,
mengde,quantity / amount,,Vi trenger en større {{mengde}} mel for kaken.,ˈmɛŋdə,
avstand,distance,,{{Avstanden}} mellom byene er om lag hundre kilometer.,ˈɑvstɑnd,
hastighet,speed,,Bilen kjørte med høy {{hastighet}} på motorveien.,ˈhɑstɪhɛt,
vekt,weight,,{{Vekten}} hans har økt med fem kilogram.,ˈvɛkt,
størrelse,size,,Skjorten er for liten så jeg trenger større {{størrelse}}.,ˈstœrəlsə,
volum,volume,,{{Volumet}} av vannet i bassenget er veldig stort.,vɔˈlʉːm,
pris,price,,{{Prisen}} på husene har steget veldig mye.,ˈpriːs,
utgift,expense,,Den største {{utgiften}} vår er husleien hver måned.,ˈʉtɡɪft,
inntekt,income / revenue,,Hans {{inntekt}} økte betydelig etter at han fikk ny jobb.,ˈɪnːtɛkt,
lønn,salary / wage,,Hun forhandlet om høyere {{lønn}} med sin arbeidsgiver.,ˈlønːə,
streik,strike,,Arbeiderne gikk i {{streik}} for bedre arbeidsforhold.,ˈstrɛɪk,
fagforening,trade union,,Han meldte seg inn i {{fagforeningen}} for å få bedre beskyttelse.,ˈfɑːɡfɔˈreːnɪŋ,
arbeidsledighet,unemployment,,{{Arbeidsledigheten}} har økt de siste månedene i landet.,ˈɑɾbɛɪ̯dəsˌleːdɪɡˌheːt,
pensjon,pension / retirement,,Han planlegger å gå av med {{pensjon}} når han blir seksti år.,pɛnˈʃuːn,
permisjon,leave / holiday,,Hun tok tre ukers {{permisjon}} for å reise til Italia.,pɛɾˈmɪʃuːn,
opplæring,training / education,,Bedriften tilbyr gratis {{opplæring}} for alle nye ansatte.,ˈɔpːˌlɛːɾɪŋ,
diplom,diploma / degree,,Han mottok sitt {{diplom}} etter å ha fullført studiene.,dɪˈpluːm,
karakter,grade / mark,,Hun fikk A som {{karakter}} i matematikk eksamen.,kaˈɾɑktɛɾ,
eksamen,exam,,Studenten forberedte seg godt til {{eksamen}} i norsk språk.,ɛkˈsɑːmən,
kurs,course / class,,Jeg tar et {{kurs}} i programmering neste høst.,ˈkʉʂ,
leksjon,lesson,,Læreren ga en interessant {{leksjon}} om norsk historie i dag.,ˈlɛkʃuːn,
lekse,homework,,Elevene gjorde {{leksen}} sin før de gikk til fotball.,ˈlɛksə,
øvelse,exercise,,Disse {{øvelsene}} vil hjelpe deg med å forbedre ferdighetene.,ˈøːvəlsə,
CV,CV / résumé,,Han sendte inn sin {{CV}} til tre ulike bedrifter.,ˌseːˈveː,
jobbintervju,job interview,,Hennes {{jobbintervju}} gikk veldig bra og hun fikk stillingen.,ˈjɔbːɪntɛɾˌvjuː,
kandidat,candidate,,Hun var en sterk {{kandidat}} for direktørstillingen i selskapet.,kɑndɪˈdɑːt,
stilling,position / job,,Han søkte på {{stillingen}} som markedssjef i Oslo.,ˈstɪlːɪŋ,
karriere,career,,Hun har hatt en imponerende {{karriere}} innen teknologi.,kɑˈɾjɛːɾə,
forfremmelse,promotion,,Han mottok {{forfremmelsen}} til sjefsposisjon etter fem år.,ˈfɔɾˌfɾɛmːəlsə,
kollega,colleague,,Min {{kollega}} og jeg jobber på samme prosjekt sammen.,kɔˈleːɡɑ,
frist,deadline,,Vi må levere rapporten før {{fristen}} på fredag.,ˈfrɪst,
agenda,agenda,,{{Agendaen}} for møtet inkluderte budsjett og personalsaker.,ɑˈɡɛndɑ,
prosjekt,project,,Teamet arbeider på et stort {{prosjekt}} for kunden.,pɾɔˈʃɛkt,
oppgave,task,,Hans {{oppgave}} var å lede gruppen til måloppnåelse.,ˈɔpːɡɑːvə,
mål,objective / goal,,Vårt {{mål}} er å øke salget med tjue prosent.,ˈmɔːl,
strategi,strategy,,Bedriftens {{strategi}} fokuserer på bærekraftig vekst og innovasjon.,stɾɑteˈɡiː,
metode,method,,Vi bruker en proven {{metode}} for å løse problemet effektivt.,meˈtuːdə,
teknikk,technique,,Hun mestrer avanserte {{teknikker}} innen sitt fagfelt.,tɛkˈnɪkː,
kompetanse,skill / competence,,Han har bred {{kompetanse}} innen finans og regnskap.,kɔmpeˈtɑnsə,
erfaring,experience,,Hans {{erfaring}} fra ti år i industrien var verdifull.,ɛɾˈfɑːɾɪŋ,
sertifikat,certificate,,Hun oppnådde sitt {{sertifikat}} i internasjonalt handelsrett.,sɛɾtɪfɪˈkɑːt,
visum,visa,,Du trenger {{visum}} for å kunne reise til landet.,ˈviːsʉm,
ambassade,embassy,,Han besøkte {{ambassaden}} for å søke om arbeidsvisum.,ɑmbaˈsɑːdə,
statsborgerskap,citizenship,,Hun søkte om norsk {{statsborgerskap}} etter å ha bodd her i fem år.,ˈstɑtsˌbɔɾɡəɾˌskɑːp,
nasjonalitet,nationality,,Hans {{nasjonalitet}} er svenske og han snakker både svensk og norsk.,nɑʃɔnɑliˈteːt,
innvandrer,immigrant,,Mange {{innvandrere}} bidrar positivt til norsk samfunn og økonomi.,ˈɪnːvɑndɾəɾ,
flyktning,refugee,,Organisasjonen hjelper {{flyktninger}} med housing og integrasjon.,ˈflʏktːnɪŋ,
donasjon,donation,,Han ga en stor {{donasjon}} til den humanitære organisasjonen.,dɔnaˈʃuːn,
veldedighet,charity,,Hun engasjerer seg aktivt i {{veldedighet}} og frivillig arbeid.,ˈvɛldəˌdɪɡˌheːt,
solidaritet,solidarity,,Folkene viste {{solidaritet}} ved å demonstrere for rettighetene.,sɔlɪdɑɾɪˈteːt,
urettferdighet,injustice,,De kjempet mot {{urettferdigheten}} i systemet med stor determinasjon.,ˌʉɾɛtːfɛɾdɪɡˌheːt,
protest,protest,,En stor {{protest}} fant sted utenfor parlamentsbygningen i dag.,pɾɔˈtɛst,
demonstrasjon,demonstration,,Det ble arrangert en {{demonstrasjon}} for klimaendringer i sentrum.,dɛmɔnstɾɑˈʃuːn,
revolusjon,revolution,,Den industrielle {{revolusjonen}} endret samfunnet fundamentalt for alltid.,ɾɛvɔluˈʃuːn,
traktat,treaty,,De to landene signerte en {{traktat}} om fredelig samarbeid.,tɾɑkˈtɑːt,
allianse,alliance,,Landene dannet en {{allianse}} for å styrke deres politiske posisjon.,ɑliˈɑnsə,
samarbeid,cooperation,,Et nært {{samarbeid}} mellom bedriftene førte til innovative løsninger.,ˈsɑːmɑɾbɛɪ̯d,
innflytelse,influence,,Han hadde stor {{innflytelse}} på beslutningene som ble tatt.,ˈɪnːflʏːtəlsə,
makt,power,,Presidenten har {{makt}} til å ta viktige beslutninger for landet.,ˈmɑktʰ,
autoritet,authority,,Læreren har {{autoritet}} over elevene i klasserommet hver dag.,ɑʊ̯ˈtɔrɪˌteːtʰ,
plikt,duty,,Det er vår {{plikt}} å hjelpe mennesker som trenger det.,ˈpʰlɪktʰ,
privilegium,privilege,,Et {{privilegium}} for få er å reise verden rundt fritt.,prɪvɪˈleːɡɪʊm,
utfordring,challenge,,Å lære norsk er en stor {{utfordring}} for mange mennesker.,ˈʉtːfɔrdrɪŋ,
fremgang,progress,,Bedriften har gjort {{fremgang}} innen teknologi de siste årene.,ˈfrɛmɡɑŋ,
innovasjon,innovation,,{{Innovasjon}} er nøkkelen til å skape nye produkter og tjenester.,ɪnɔvaˈʂuːn,
oppdagelse,discovery,,Vitenskapsmannen gjorde en viktig {{oppdagelse}} i laboratoriet sitt i dag.,ˈɔpːdɑɡəlsə,
oppfinnelse,invention,,Lyspæren var en fantastisk {{oppfinnelse}} som endret verden for alltid.,ˈɔpːfɪnəlsə,
vekst,growth,,Økonomien viste {{vekst}} på fem prosent i løpet av året.,ˈvɛkstʰ,
tilbakegang,decline,,Markedet opplevde en {{tilbakegang}} på grunn av økonomisk krise.,ˈtʰɪlːbɑːkəɡɑŋ,
krise,crisis,,{{Krisen}} påvirket mange mennesker og bedrifter veldig hardt nasjonalt.,ˈkʰrɪːsə,
kompromiss,compromise,,De to partiene ble enige om et {{kompromiss}} etter lange forhandlinger.,ˈkʰɔmprɔmɪs,
konflikt,conflict,,{{Konflikten}} mellom landene førte til alvorlige konsekvenser for befolkningen.,ˈkʰɔnflɪktʰ,
risiko,risk,,Det er alltid {{risiko}} når man investerer penger i aksjer.,ˈrɪːsɪkɔ,
sjanse,chance / opportunity,,Han fikk en {{sjanse}} til å vise sitt talent for musikk.,ˈʂɑnsə,
fordel,advantage,,En stor {{fordel}} ved offentlig transport er at det er billig.,ˈfɔrdəl,
ulempe,disadvantage,,En {{ulempe}} ved å bo i byen er at det er veldig støy.,ˈʉːlɛmpə,
kvalitet,quality,,Produktene fra denne fabrikken har høy {{kvalitet}} og holder lenge.,kvaːlɪˈteːtʰ,
kvantitet,quantity,,Vi trenger større {{kvantitet}} av ost til middagen i dag.,kvaːntɪˈteːtʰ,
standard,standard,,Denne skolen oppfyller alle nasjonale {{standard}} for utdanning og sikkerhet.,ˈstɑndɑrd,
prestasjon,performance / achievement,,Hans {{prestasjon}} i fotball imponerte treneren og hele publikummet enormt.,prɛsˈtɑʂuːn,
forbedring,improvement,,Vi må gjøre {{forbedring}} av infrastrukturen i hele byen snart.,fɔrˈbeːdrɪŋ,
aksje,stock / shares,,Han kjøpte {{aksjer}} i et teknologiselskap for å tjene penger.,ˈɑkʂə,
konkurs,bankruptcy,,Bedriften gikk {{konkurs}} etter å ha mistet alle sine viktige kunder.,ˈkʰɔŋkʊrs,
fusjon,merger,,Den nye {{fusjonen}} mellom de to selskapene skaper arbeidsplasser.,fʉˈʂuːn,
oppkjøp,acquisition,,Et stort {{oppkjøp}} av det lille selskapet ble annonsert i dag.,ˈɔpːçøːp,
konkurranse,competition,,{{Konkurransen}} mellom forretningene gjør at prisene blir lavere for oss.,kɔŋkʊˈrɑnsə,
rabatt,discount,,Butikken gir en {{rabatt}} på tredve prosent på alle klær nå.,rɑˈbɑtː,
toll,customs / toll,,Du må betale {{toll}} når du reiser fra Norge til Sverige.,ˈtʰɔlː,
eksport,export,,{{Eksporten}} av norsk fisk er veldig viktig for økonomien vår.,ˈɛksˌpɔrt,
import,import,,{{Importen}} av elektronikk fra Asia øker hvert år betydelig.,ˈɪmˌpɔrt,
tilbud,supply / offer,,Markedet har et stort {{tilbud}} av forskellige frukt og grønnsaker.,ˈtʰɪlːbʉːd,
etterspørsel,demand,,{{Etterspørselen}} etter elektriske biler stiger raskt blant forbrukerne i dag.,ˈɛtːərsfœrːsəl,
produksjon,production,,{{Produksjonen}} av møbler har økt med tjue prosent denne måneden.,prɔdʊkˈʂuːn,
forbruk,consumption,,{{Forbruket}} av energi er høyt under de kolde vintermånedene.,ˈfɔrːbrʉːk,
distribusjon,distribution,,{{Distribusjonen}} av pakker til kundene skjer hver dag veldig effektivt.,dɪstrɪbʉˈʂuːn,
detaljhandel,retail,,{{Detaljhandelen}} i sentrum har blitt mindre populær de siste årene.,dəˈtɑlːhɑndəl,
lager,warehouse,,Vi oppbevarer alle varene våre i et stort {{lager}} utenfor byen.,ˈlɑːɡər,
bestilling,order,,Han la inn en {{bestilling}} på en ny sofa fra den elektroniske butikken.,bəˈstɪlːɪŋ,
data,data,,{{Dataene}} fra undersøkelsen viste interessante resultater om forbrukeres vaner.,ˈdɑːtɑ,
utfall,outcome / result,,Det endelige {{utfallet}} av kampen overrasket både trenere og supportere enormt.,ˈʉtːfɑlː,
tåke,fog / mist,,{{Tåken}} gjorde det vanskelig å se veien klart denne morgenen.,ˈtʰɔːkə,
tordenvær,thunderstorm,,Et voldsomt {{tordenvær}} rammet byen i går kveld og skapte skader.,ˈtʰɔrdənˌvæːr,
lyn,lightning,,{{Lynet}} slo ned i treet og startet en liten brann der.,ˈlʏn,
torden,thunder,,{{Tordenen}} var så høy at det vækkete alle mennesker i huset.,ˈtʰɔrdən,
frost,frost,,{{Frosten}} på graset gjorde det hvitt og glatt denne morgenen tidlig.,ˈfrɔstʰ,
is,ice,,{{Isen}} på sjøen var tykk nok til at biler kunne kjøre.,ˈiːs,
flom,flood,,{{Floamen}} fra elven gjorde stor skade på husene i dalen.,ˈflɔm,
tørke,drought,,{{Tørken}} gjorde at avlingen ble liten og prisene steg kraftig.,ˈtʰœrkə,
orkan,hurricane,,{{Orkanen}} forårsaket store skader på kysten i går.,ˈɔrˌkɑːn,
jordskjelv,earthquake,,Et kraftig {{jordskjelv}} rystet hele regionen natt til mandag.,ˈjʊɖˌʃɛlv,
vulkan,volcano,,Den aktive {{vulkanen}} satte aske høyt opp i luften.,vʉlˈkɑːn,
skred,avalanche / landslide,,Et stort {{skred}} blokkerte veien gjennom fjellpasset.,ˈskʰreːd,
brann,fire / blaze,,{{Brannen}} spredte seg raskt gjennom det gamle trehuset.,ˈbrɑnː,
røyk,smoke,,Tykk {{røyk}} steg opp fra fabrikkskorsteinen hele dagen.,ˈrœʏk,
aske,ash,,Grå {{aske}} dekket hele gatene etter vulkanutbruddet.,ˈɑskə,
gass,gas,,Farlig {{gass}} lekket ut fra røret under jorden.,ˈɡɑsː,
kull,coal,,De brukte {{kull}} til å varme opp huset før.,ˈkʰʉlː,
stål,steel,,Broen er bygget av sterkt og holdbart {{stål}}.,ˈstɑːl,
jern,iron,,Gamle {{jern}} gjenstander ble funnet under utgravningen.,ˈjæɳ,
kobber,copper,,{{Kobber}} ledningene må skiftes ut snart i huset.,ˈkɔbːər,
gull,gold,,Hun fant en smykke av rent {{gull}} i esken.,ˈɡʉlː,
sølv,silver,,Bestemor arvet en {{sølv}} servis fra sin mor.,ˈsœlv,
diamant,diamond,,En stor {{diamant}} var satt i forlovelsesringen hennes.,diːɑˈmɑnt,
edelstein,gemstone,,Halskjeden var prydet med vakre {{edelsteiner}} av ulik farge.,ˈeːdəlˌstæɪn,
klasserom,classroom,,Elevene satt stille i {{klasserommet}} og skrev prøven.,ˈklɑsːəˌrʊm,
kantine,canteen / dining hall,,Vi møtes på {{kantinen}} for å spise frokost sammen.,kɑnˈtiːnə,
resepsjon,reception desk,,Du må sjekke inn ved {{resepsjonen}} når du ankommer.,rəsɛpˈʃʊːn,
kalkulator,calculator,,Jeg brukte {{kalkulatoren}} til å løse de vanskelige oppgavene.,kɑlkyˈlɑːtʊr,
skriver,printer,,Den nye {{skriveren}} fungerer mye bedre enn den gamle.,ˈskʰriːvər,
skanner,scanner,,Vi skannet alle dokumentene med {{scanneren}} på kontoret.,ˈskɑnːər,
nettbrett,tablet,,Han leser aviser på {{nettbrettet}} sitt hver morgen.,ˈnɛtːˌbrɛtː,
smarttelefon,smartphone,,Alle elever har en {{smarttelefon}} i dag til daglig bruk.,ˈsmɑʈˌteːləˌfʊːn,
lader,charger,,Jeg trenger {{laderen}} min for å lade mobiltelefonen.,ˈlɑːdər,
batteri,battery,,{{Batteriet}} i lommelykten var helt tomt og dødt.,bɑtəˈriː,
tornado,tornado,,En voldsam {{tornado}} feide gjennom småbyen forrige uke.,tɔrˈnɑːdʊ,
stue,living room,,Vi sitter sammen i {{stuen}} og ser på film kveld.,ˈstʉːə,
soverom,bedroom,,Sengen står midt i {{soverommet}} hos oss hjemme.,ˈsʊːvəˌrʊm,
sement,cement,,De blandet {{sementen]] for å lage grunnmuren til huset.,səˈmɛnt,
mur,brick wall,,En høy {{mur}} omgir hele hagen rundt det gamle slottet.,ˈmʉːr,
kam,comb,,Hun brukte {{kammen}} sin til å gjøre håret pent.,ˈkɑm,
sminke,make-up,,Jenta la på {{sminken}} før hun gikk på festen.,ˈsmɪŋkə,
halskjede,necklace,,Mor fikk en vakker {{halskjede}} som gave til bursdagen.,ˈhɑlsˌɕeːdə,
ring,ring,,Han kjøpte en gullring med diamant til forlovelsen sin.,ˈrɪŋ,
nyre,kidney,,Legen sjekket {{nyrene}} mine under den årlige undersøkelsen.,ˈnyːrə,
lever,liver,,{{Leveren}} er et viktig organ for kroppens funksjon.,ˈleːvər,
blære,bladder,,Pasienten hadde problemer med {{blæren}} som krever behandling.,ˈblæːrə,
tarm,intestine,,Magen og {{tarmen}} arbeider sammen for å fordøye maten.,ˈtɑɳ,
tommel,thumb,,Jeg skar meg på {{tommelen]] da jeg hakket løk.,ˈtɔmːəl,
pekefinger,index finger,,Hun pekte med {{pekefingeren]] sin mot vinduet utenfor.,ˈpeːkəˌfɪŋər,
midtfinger,middle finger,,Han holdt opp {{midtfingeren]] sin i en uhoflighet.,ˈmɪtːˌfɪŋər,
ankel,ankle,,Hun spasererte og skadet {{ankelen]] sin på trappene.,ˈɑŋkəl,
panne,forehead,,Han hadde stort {{panneflatt]] fordi håret var tynt oppe.,ˈpɑnːə,
hake,chin,,Mannen hadde en sterk og markant {{hake}} i ansiktet.,ˈhɑːkə,
kinn,cheek,,Barna hadde røde {{kinner}} etter å ha lekt ute.,ˈkʰɪnː,
øyenbryn,eyebrow,,Hun bøyer {{øyenbrynet]] sitt når hun tenker konsentrert.,ˈœːənˌbryːn,
vippe,eyelash,,Hun bruker {{vipper}} for å gjøre øynene sine større.,ˈvɪpːə,
tommelfingernegl,thumbnail,,{{Tommelfingernegl}} hennes var malt i en vakker rød farge.,ˈtɔmːəlˌfɪŋərˌnæɡl,
fotnegl,toenail,,{{Fotneglen]] hans ble svart og blå etter en fall.,ˈfʊtːˌnæɡl,
